Date,TTF,Brent,EURUSD,Storage_pct,T_mean_EU,HDD
2017-10-23,18.09,57.69,1.1762,88.37,11.595,6.405
2017-10-24,17.96,57.84,1.1766,88.46,14.28,3.72
2017-10-25,18.11,58.45,1.1802,88.59,14.545,3.455
2017-10-26,18.07,58.75,1.17,88.65,12.45,5.55
2017-10-27,18.15,60.15,1.158,88.72,12.09,5.91
2017-10-30,18.11,60.65,1.1626,88.95,8.22,9.78
2017-10-31,18.285,61.35,1.1648,88.87,7.785,10.215
2017-11-01,18.55,60.98,1.1618,88.83,9.325,8.675
2017-11-02,18.58,60.79,1.1672,88.71,9.78,8.22
2017-11-03,18.31,61.42,1.1616,88.65,9.54,8.46
2017-11-06,19.01,64.27,1.16,88.43,5.87,12.13
2017-11-07,19.325,64.36,1.1577,88.15,6.17,11.83
2017-11-08,19.38,63.96,1.1591,87.84,6.56,11.44
2017-11-09,19.515,64.49,1.1648,87.65,7.5,10.5
2017-11-10,19.82,64.35,1.1648,87.4,8.29,9.71
2017-11-13,19.905,62.94,1.1656,86.81,5.755,12.245
2017-11-14,19.335,60.91,1.1764,86.35,5.705,12.295
2017-11-15,19.015,61.25,1.1794,85.97,6.655,11.345
2017-11-16,19.2,61.18,1.1772,85.64,6.265,11.735
2017-11-17,18.95,61.34,1.1799,85.28,5.285,12.715
2017-11-20,19.5,61.34,1.1741,84.35,6.315,11.685
2017-11-21,19.84,62.28,1.1741,84.01,9.52,8.48
2017-11-22,19.7,62.92,1.1789,83.76,10.255,7.745
2017-11-24,20.455,63.58,1.1936,83.11,8.96,9.04
2017-11-27,20.68,63.25,1.1911,82.07,5.365,12.635
2017-11-28,20.28,63.56,1.1878,81.52,4.83,13.17
2017-11-29,20.35,63.74,1.1858,80.9,2.795,15.205
2017-11-30,20.305,63.53,1.1898,80.01,1.775,16.225
2017-12-01,20.79,64.57,1.191,79.36,1.26,16.74
2017-12-04,21.375,63.45,1.1848,77.7,4.5,13.5
2017-12-05,21.405,63.45,1.182,77.15,5,13
2017-12-06,21.165,62.25,1.1788,76.62,5.705,12.295
2017-12-07,21.265,62.37,1.179,76.03,4.985,13.015
2017-12-08,20.89,63.86,1.1761,75.47,3.445,14.555
2017-12-11,21.135,65.62,1.1802,73.62,3.89,14.11
2017-12-12,21.73,64.96,1.1725,72.79,1.78,16.22
2017-12-13,20.675,63.66,1.1762,72.04,3.695,14.305
2017-12-14,21.025,63.72,1.1778,71.41,4.255,13.745
2017-12-15,21.01,63.81,1.1778,70.88,2.69,15.31
2017-12-18,20.46,64.45,1.1804,69.08,3.355,14.645
2017-12-19,19.95,63.69,1.1822,68.34,2.185,15.815
2017-12-20,20.295,64.43,1.1881,67.66,5.025,12.975
2017-12-21,20,64.64,1.1872,67.1,6.835,11.165
2017-12-22,19.665,64.61,1.1839,66.6,7.205,10.795
2017-12-26,19.665,64.61,1.1867,65.78,5.14,12.86
2017-12-27,19.19,66.03,1.1902,65.42,4.24,13.76
2017-12-28,19.705,66.8,1.1952,64.95,2.57,15.43
2017-12-29,19.62,66.73,1.2022,64.51,2.335,15.665
2018-01-02,19.32,66.65,1.205,63.7,6.07,11.93
2018-01-03,19.325,67.85,1.203,63.33,7.94,10.06
2018-01-04,19.2,68.73,1.2064,62.99,8.205,9.795
2018-01-05,18.915,68.01,1.2039,62.65,7.27,10.73
2018-01-08,19.05,68.48,1.1973,61.36,4.885,13.115
2018-01-09,19.435,69.08,1.1922,60.77,5.14,12.86
2018-01-10,19.325,69.79,1.1958,60.22,6.875,11.125
2018-01-11,19.32,70.36,1.2035,59.64,5.215,12.785
2018-01-12,19.805,69.64,1.213,59.08,5.135,12.865
2018-01-16,18.9,69.4,1.2244,56.84,5.82,12.18
2018-01-17,18.44,69.19,1.2229,56.15,3.685,14.315
2018-01-18,18.35,69.48,1.2238,55.47,6.01,11.99
2018-01-19,18.19,68.56,1.2238,54.78,3.315,14.685
2018-01-22,18.545,69.32,1.223,53.09,6,12
2018-01-23,18.2,69.81,1.2277,52.57,6.92,11.08
2018-01-24,17.79,69.91,1.239,52.12,9.645,8.355
2018-01-25,17.78,71.08,1.2488,51.56,7.905,10.095
2018-01-26,17.78,70.08,1.2422,50.99,5.755,12.245
2018-01-29,17.395,68.41,1.2352,49.89,8.755,9.245
2018-01-30,17.41,67.78,1.239,49.36,5.775,12.225
2018-01-31,17.88,67.78,1.2428,48.83,7.245,10.755
2018-02-01,18.15,68.6,1.2482,48.27,3.915,14.085
2018-02-02,18.16,67.45,1.2446,47.68,3.065,14.935
2018-02-05,17.59,67.69,1.2418,45.79,0.575,17.425
2018-02-06,17.88,66.75,1.2381,44.91,-0.125,18.125
2018-02-07,18.155,65.74,1.2281,44.02,-0.145,18.145
2018-02-08,17.74,64.26,1.2238,43.16,-0.75,18.75
2018-02-09,17.9,63.04,1.2226,42.38,0.805,17.195
2018-02-12,17.95,62.2,1.2267,40.65,1.68,16.32
2018-02-13,18.305,61.94,1.2363,39.92,1.185,16.815
2018-02-14,18.075,62.29,1.2396,39.25,1.14,16.86
2018-02-15,17.79,62.86,1.2482,38.61,4.445,13.555
2018-02-16,18.165,64.3,1.2442,38.02,3.655,14.345
2018-02-20,19.77,64.68,1.2348,35.68,3.115,14.885
2018-02-21,19.78,64.81,1.2314,34.94,1.715,16.285
2018-02-22,19.94,66.12,1.2326,34.16,0.895,17.105
2018-02-23,20.41,67.04,1.2298,33.39,0.095,17.905
2018-02-26,18.69,67.96,1.2296,30.99,-2.97,20.97
2018-02-27,19.195,67.59,1.2239,29.97,-4.155,22.155
2018-02-28,17.35,66.08,1.2211,28.89,-4.745,22.745
2018-03-01,17.56,64.23,1.2216,27.92,-2.67,20.67
2018-03-02,17.805,64.26,1.2314,27.01,-1,19
2018-03-05,17.515,65.78,1.233,25.16,6.135,11.865
2018-03-06,17.7,65.67,1.2415,24.65,5.305,12.695
2018-03-07,17.83,65.09,1.2397,23.75,5.24,12.76
2018-03-08,18.315,63.87,1.2314,23.69,5.72,12.28
2018-03-09,18.94,65.19,1.2326,23.35,6.43,11.57
2018-03-12,19.71,64.53,1.2318,22.96,9.47,8.53
2018-03-13,19.465,64.2,1.2398,22.74,7.6,10.4
2018-03-14,18.615,63.61,1.2362,22.53,7.17,10.83
2018-03-15,18.8,63.67,1.2321,22.29,7.725,10.275
2018-03-16,18.655,64.68,1.228,22.06,7.655,10.345
2018-03-19,18.7,64.82,1.2329,20.68,0.095,17.905
2018-03-20,19.175,66,1.2271,20.15,1.89,16.11
2018-03-21,19.39,68.15,1.2268,19.65,2.505,15.495
2018-03-22,19.01,68.98,1.231,19.2,3.93,14.07
2018-03-23,18.445,69.03,1.236,18.84,5.68,12.32
2018-03-26,17.99,68.81,1.244,18.38,7.085,10.915
2018-03-27,18.495,68.63,1.241,18.13,6.71,11.29
2018-03-28,18.37,68.13,1.2351,17.92,7.49,10.51
2018-03-29,18.225,69.02,1.2297,17.75,6.29,11.71
2018-04-02,18.225,69.02,1.2288,18.47,8.25,9.75
2018-04-03,18.04,69.02,1.2261,18.52,11.445,6.555
2018-04-04,18.185,66.04,1.2292,18.69,10.35,7.65
2018-04-05,18.13,66.54,1.223,18.7,8.435,9.565
2018-04-06,18.18,66.51,1.2274,18.8,8.525,9.475
2018-04-09,18.645,68.19,1.232,18.64,11.98,6.02
2018-04-10,18.84,70.67,1.2338,18.75,12.4,5.6
2018-04-11,19.255,72.74,1.2384,18.84,11.24,6.76
2018-04-12,19.215,71.44,1.232,18.91,11.795,6.205
2018-04-13,19.57,73.18,1.2322,19.03,10.78,7.22
2018-04-16,19.35,72.05,1.2373,19.88,12.825,5.175
2018-04-17,19.015,71.71,1.2345,20.15,14.265,3.735
2018-04-18,19.31,73.73,1.238,20.52,15.99,2.01
2018-04-19,19.86,74.85,1.2336,20.89,17.635,0.365
2018-04-20,19.8,74.62,1.2282,21.28,17.685,0.315
2018-04-23,19.89,74.54,1.2216,22.69,14.695,3.305
2018-04-24,19.675,75.86,1.2226,22.99,13.635,4.365
2018-04-25,19.88,73.79,1.2178,23.33,13.195,4.805
2018-04-26,20.15,75.39,1.2113,23.66,11.335,6.665
2018-04-27,20.265,75.33,1.2108,23.97,11.735,6.265
2018-04-30,20.56,75.92,1.2074,25.07,10.505,7.495
2018-05-01,20.095,74.85,1.2,25.51,9.23,8.77
2018-05-02,19.865,73.14,1.1968,25.72,10.53,7.47
2018-05-03,19.95,73.45,1.197,26.01,11.865,6.135
2018-05-04,20.42,74.75,1.1946,26.2,13.295,4.705
2018-05-07,20.42,74.75,1.1927,27.4,17.52,0.48
2018-05-08,20.6,74.16,1.1863,27.81,18.075,0
2018-05-09,20.845,77.6,1.1852,28.21,16.71,1.29
2018-05-10,21.005,77.59,1.1896,28.64,14.155,3.845
2018-05-11,21.265,77.37,1.1951,29.09,14.065,3.935
2018-05-14,21.625,78.17,1.1976,30.43,15.37,2.63
2018-05-15,21.54,78.94,1.1864,30.81,15.99,2.01
2018-05-16,21.67,78.19,1.1788,31.19,14.59,3.41
2018-05-17,22.3,80.09,1.1798,31.56,13.155,4.845
2018-05-18,22.055,78.38,1.1775,31.9,12.095,5.905
2018-05-21,22.375,78.34,1.1768,33.29,16.995,1.005
2018-05-22,22.905,80.42,1.1783,33.6,17.2,0.8
2018-05-23,22.715,78.69,1.1693,33.99,17.08,0.92
2018-05-24,22.695,78.9,1.1729,34.41,17.52,0.48
2018-05-25,21.805,76.6,1.1666,34.83,18.28,0
2018-05-29,22.655,74.51,1.1551,36.58,19.925,0
2018-05-30,22.985,75.89,1.1664,36.93,19.91,0
2018-05-31,22.58,76.45,1.167,37.26,20.085,0
2018-06-01,21.775,74.54,1.1679,37.57,18.565,0
2018-06-04,21.905,73.41,1.1696,38.85,19.57,0
2018-06-05,21.43,72.91,1.1672,39.14,18.91,0
2018-06-06,21.32,73.23,1.1778,39.46,19.305,0
2018-06-07,21.665,75.23,1.1815,39.78,20.09,0
2018-06-08,21.54,75.11,1.1773,40.13,19.695,0
2018-06-11,21.35,74.58,1.1802,41.44,18.965,0
2018-06-12,21.785,74.86,1.1792,41.78,16.52,1.48
2018-06-13,22.38,75.07,1.1784,42.18,15.49,2.51
2018-06-14,22.355,74.77,1.1634,42.61,16.645,1.355
2018-06-15,21.75,72.02,1.1616,42.95,17.575,0.425
2018-06-18,22.14,74.87,1.1606,44.26,18.43,0
2018-06-19,21.695,74.92,1.1577,44.6,19.78,0
2018-06-20,21.5,74.25,1.1592,44.92,20.985,0
2018-06-21,21.545,72.87,1.16,45.24,17.985,0.015
2018-06-22,21.655,73.67,1.163,44.98,14.91,3.09
2018-06-25,21.545,72.82,1.1694,46.87,18.335,0
2018-06-26,21.495,73.58,1.1675,47.22,18.93,0
2018-06-27,22.035,76.09,1.1588,47.54,19.695,0
2018-06-28,21.96,76.26,1.1582,47.89,21.155,0
2018-06-29,21.875,77.44,1.1677,48.29,22.655,0
2018-07-02,22.24,76.71,1.1604,49.63,22.195,0
2018-07-03,22.26,75.87,1.1653,50.01,22.055,0
2018-07-05,22.465,77.09,1.1697,50.81,21.315,0
2018-07-06,22.355,74.98,1.1738,51.22,21.955,0
2018-07-09,22.73,77.08,1.1744,52.77,21.54,0
2018-07-10,22.73,77.8,1.1728,52.87,18.855,0
2018-07-11,22.58,75.35,1.1722,53.21,17.94,0.06
2018-07-12,21.97,72.11,1.1692,53.53,19.545,0
2018-07-13,22.265,74.11,1.1667,53.88,20.53,0
2018-07-16,22.02,71.03,1.171,55.26,22.925,0
2018-07-17,21.85,70.87,1.1664,55.55,22.175,0
2018-07-18,22.14,70.52,1.1645,55.84,22.125,0
2018-07-19,22.155,71.94,1.1604,56.12,22.68,0
2018-07-20,21.875,71.99,1.1708,56.43,21.99,0
2018-07-23,22.03,73.45,1.1702,57.63,23.37,0
2018-07-24,22.095,73.53,1.1684,57.93,24.485,0
2018-07-25,22.17,73.67,1.1677,58.24,25.685,0
2018-07-26,22.115,74.51,1.1654,58.55,27.13,0
2018-07-27,21.89,74.84,1.166,58.89,26.62,0
2018-07-30,22.06,74.99,1.1718,60.19,24.34,0
2018-07-31,22.115,74.16,1.1706,60.61,24.155,0
2018-08-01,21.93,72.28,1.1666,61.17,23.37,0
2018-08-02,21.935,72.95,1.1612,61.36,24.305,0
2018-08-03,22.26,72.48,1.1597,61.74,26.59,0
2018-08-06,22.5,72.51,1.1564,63.06,25.04,0
2018-08-07,22.61,72.31,1.1597,63.49,26.44,0
2018-08-08,22.6,70.71,1.1598,63.88,23.44,0
2018-08-09,22.715,70.55,1.1566,64.28,20.56,0
2018-08-10,22.88,71,1.1399,64.74,18.38,0
2018-08-13,23.5,70.62,1.1396,66.14,19.64,0
2018-08-14,23.725,70.77,1.1351,66.56,19.72,0
2018-08-15,23.52,68.38,1.1332,67.03,20.175,0
2018-08-16,23.835,69.21,1.1388,67.47,20.94,0
2018-08-17,24.155,70.14,1.141,67.94,20.435,0
2018-08-20,24.18,71.11,1.1438,69.31,21.92,0
2018-08-21,24.405,71.65,1.1534,69.68,22.445,0
2018-08-22,24.45,72.96,1.1595,70.03,23.12,0
2018-08-23,24.76,73.73,1.1567,70.38,22.315,0
2018-08-24,24.975,74.41,1.1625,70.71,18.39,0
2018-08-27,25.41,74.41,1.1676,72.02,18.03,0
2018-08-28,25.36,75.91,1.172,72.34,18.245,0
2018-08-29,25.87,76.07,1.1699,72.65,18.445,0
2018-08-30,26.13,77.05,1.1646,72.95,17.48,0.52
2018-08-31,25.835,76.94,1.1596,73.2,16.72,1.28
2018-09-04,26.71,77.51,1.1566,74.54,18.89,0
2018-09-05,27.02,76.68,1.162,74.81,19.83,0
2018-09-06,27.455,75.67,1.1624,75.07,18.6,0
2018-09-07,27.99,75.55,1.1572,75.34,16.39,1.61
2018-09-10,29.125,76.77,1.1604,76.4,18.8,0
2018-09-11,28.78,78.22,1.1591,76.68,19.99,0
2018-09-12,27.495,80.02,1.1626,76.94,19.245,0
2018-09-13,26.81,77.66,1.1672,77.1,16.745,1.255
2018-09-14,26.93,77.87,1.1656,77.5,16.52,1.48
2018-09-17,28.075,78.22,1.1687,78.66,19.035,0
2018-09-18,27.41,79.25,1.1693,78.99,20.55,0
2018-09-19,28.32,79.43,1.1685,79.31,20.885,0
2018-09-20,28.59,79.03,1.1744,79.59,20.61,0
2018-09-21,28.725,78.9,1.1739,79.91,17.53,0.47
2018-09-24,29.245,80.89,1.1773,80.74,11.955,6.045
2018-09-25,29.23,82.21,1.177,80.91,10.935,7.065
2018-09-26,28.26,81.87,1.1758,81.11,11.505,6.495
2018-09-27,27.575,81.54,1.167,81.35,14.215,3.785
2018-09-28,27.33,82.72,1.1622,81.58,13.525,4.475
2018-10-01,27.445,84.94,1.1567,82.21,11.13,6.87
2018-10-02,27.255,85.63,1.156,82.36,11.505,6.495
2018-10-03,27.115,85.45,1.1525,82.52,14.035,3.965
2018-10-04,27.47,86.07,1.1508,82.65,13.145,4.855
2018-10-05,27.9,85.12,1.1502,82.84,14.3,3.7
2018-10-08,27.22,84.22,1.1502,83.55,12.75,5.25
2018-10-09,26.835,85.16,1.1482,83.69,13.965,4.035
2018-10-10,26.22,83.82,1.1541,83.88,15.935,2.065
2018-10-11,25.76,81.35,1.1565,84.13,17.19,0.81
2018-10-12,26.63,80.71,1.1559,84.44,18.125,0
2018-10-15,26.625,80.91,1.1594,85.45,16.425,1.575
2018-10-16,26.33,80.53,1.1593,85.67,16.4,1.6
2018-10-17,25.94,79.91,1.154,85.84,15.075,2.925
2018-10-18,26.025,80.3,1.1494,85.99,14.35,3.65
2018-10-19,26.86,80.38,1.1513,86.14,12.74,5.26
2018-10-22,26.115,80.45,1.1467,86.73,10.565,7.435
2018-10-23,25.665,78.67,1.148,86.82,10.155,7.845
2018-10-24,25.26,77.34,1.1389,86.89,13.815,4.185
2018-10-25,24.865,77.3,1.1374,86.92,12.17,5.83
2018-10-26,24.28,77.4,1.1388,86.94,10.235,7.765
2018-10-29,24.58,77.56,1.139,86.83,6.38,11.62
2018-10-30,23.875,75.68,1.1364,86.87,6.585,11.415
2018-10-31,24.335,74.84,1.1332,86.76,7.94,10.06
2018-11-01,23.65,71.25,1.1396,86.7,9.035,8.965
2018-11-02,24.285,71.11,1.1378,86.83,8.015,9.985
2018-11-05,23.81,72.68,1.1394,86.85,11.065,6.935
2018-11-06,23.895,70.64,1.1412,86.89,11.92,6.08
2018-11-07,24.42,70.1,1.1459,86.84,11.29,6.71
2018-11-08,24.43,69.29,1.1416,86.71,10.17,7.83
2018-11-09,24.325,69.01,1.1325,86.7,10.235,7.765
2018-11-12,25.955,69.81,1.1325,86.81,11.78,6.22
2018-11-13,26.52,65.45,1.1288,86.72,10.88,7.12
2018-11-14,26.28,64.88,1.1312,86.62,8.57,9.43
2018-11-15,26.675,65.61,1.1324,86.46,8.055,9.945
2018-11-16,25.955,65.29,1.1402,86.23,6.93,11.07
2018-11-19,24.15,64.14,1.1448,85.38,4.24,13.76
2018-11-20,24.35,61.5,1.1391,84.87,3.365,14.635
2018-11-21,24.5,61.65,1.1393,84.34,2.455,15.545
2018-11-23,24.82,57.69,1.1332,83.36,4.04,13.96
2018-11-26,24.545,59.7,1.1336,82.31,5.77,12.23
2018-11-27,25.16,59.58,1.1281,81.93,4.735,13.265
2018-11-28,24.3,57.97,1.1286,81.64,7.21,10.79
2018-11-29,24.635,58.29,1.1382,81.2,8.055,9.945
2018-11-30,24.69,57.71,1.1323,80.84,7.065,10.935
2018-12-03,25.085,60.17,1.1356,80.23,10.71,7.29
2018-12-04,24.415,61.22,1.1345,79.89,6.88,11.12
2018-12-05,23.82,61.4,1.1345,79.5,6.395,11.605
2018-12-06,23.165,57.83,1.1374,78.78,9.73,8.27
2018-12-07,23.145,61.71,1.139,78.99,9.93,8.07
2018-12-10,23.25,60.29,1.1368,78.29,6.265,11.735
2018-12-11,23.62,59.73,1.1314,77.79,4.165,13.835
2018-12-12,23.92,59.94,1.1362,77.11,2.585,15.415
2018-12-13,24.225,59.03,1.1358,76.56,1.18,16.82
2018-12-14,24.645,58.56,1.13,75.87,0.105,17.895
2018-12-17,24.68,57.59,1.1339,74.19,4.165,13.835
2018-12-18,23.73,55.26,1.1364,73.62,4.99,13.01
2018-12-19,24.21,55.6,1.1422,73.09,5.28,12.72
2018-12-20,24.605,52.84,1.1432,72.6,6.13,11.87
2018-12-21,24.9,51.93,1.1402,72.28,9.06,8.94
2018-12-24,24.245,51.93,1.1402,71.68,6.115,11.885
2018-12-26,24.245,51.93,1.1408,71.19,1.155,16.845
2018-12-27,23.32,51.49,1.1412,70.8,0.2,17.8
2018-12-28,22.81,50.57,1.1445,70.44,1.03,16.97
2018-12-31,21.98,50.57,1.1456,69.89,6.82,11.18
2019-01-02,22.475,54.06,1.1357,69.4,4.34,13.66
2019-01-03,22.255,53.23,1.1399,68.83,2.265,15.735
2019-01-04,22.93,55.64,1.141,68.28,1.73,16.27
2019-01-07,21.53,57.1,1.1468,67,5.235,12.765
2019-01-08,22.09,56.91,1.1444,66.54,5.945,12.055
2019-01-09,21.72,59.46,1.1524,65.94,3.765,14.235
2019-01-10,21.675,60.47,1.1517,65.25,2.055,15.945
2019-01-11,22.255,59.24,1.1479,64.79,3.285,14.715
2019-01-14,21.675,58.8,1.1479,63.85,6.23,11.77
2019-01-15,22,58.65,1.1392,63.11,5.035,12.965
2019-01-16,22.005,59.81,1.1408,62.58,5.305,12.695
2019-01-17,22.995,59.85,1.1386,62.02,4.27,13.73
2019-01-18,22.605,62.04,1.1362,61.36,1.295,16.705
2019-01-22,21.815,60.9,1.1359,58.52,-1.415,19.415
2019-01-23,22.19,61.05,1.139,57.54,-1.08,19.08
2019-01-24,21.28,61.09,1.1322,56.86,-1.145,19.145
2019-01-25,20.89,61.49,1.1407,56.13,1.32,16.68
2019-01-28,20.55,59.71,1.1438,54.65,2.72,15.28
2019-01-29,20.585,60.98,1.1424,53.97,1,17
2019-01-30,20.18,61.89,1.1418,53.25,0.625,17.375
2019-01-31,19.85,62.46,1.1454,52.54,-0.425,18.425
2019-02-01,19.3,61.86,1.1474,51.92,2.42,15.58
2019-02-04,19.355,62.26,1.1438,50.4,2.28,15.72
2019-02-05,19.14,61.67,1.1406,49.82,3.125,14.875
2019-02-06,18.915,62.22,1.138,49.14,4.4,13.6
2019-02-07,18.91,61.01,1.1357,48.85,4.86,13.14
2019-02-08,18.265,61.37,1.1326,48.45,6.28,11.72
2019-02-11,18.055,61.3,1.1277,47.4,4.895,13.105
2019-02-12,17.785,62.58,1.1316,46.95,4.335,13.665
2019-02-13,18.02,63.27,1.1288,46.49,3.885,14.115
2019-02-14,17.755,64,1.1284,46.1,3.5,14.5
2019-02-15,18.1,65.65,1.1268,45.78,4.66,13.34
2019-02-19,17.705,65.86,1.1328,44.98,6.01,11.99
2019-02-20,18.145,66.82,1.1328,44.69,5.705,12.295
2019-02-21,17.52,66.91,1.1338,43.58,6.875,11.125
2019-02-22,17.23,66.91,1.1342,43.5,7.99,10.01
2019-02-25,16.945,64.02,1.1345,42.88,5.835,12.165
2019-02-26,17.045,64.51,1.1374,42.71,7.455,10.545
2019-02-27,17.615,65.55,1.137,42.53,7.965,10.035
2019-02-28,17.815,65.03,1.1379,42.34,8.65,9.35
2019-03-01,17.32,63.71,1.1376,42.22,8.515,9.485
2019-03-04,17.4,64.44,1.1328,42.22,8.51,9.49
2019-03-05,17.18,64.24,1.13,42.1,6.685,11.315
2019-03-06,16.85,64.51,1.132,42.03,9.27,8.73
2019-03-07,16.87,64.82,1.1214,41.95,9.14,8.86
2019-03-08,16.73,65.66,1.1243,41.89,7.835,10.165
2019-03-11,16.625,65.06,1.1226,41.78,6.01,11.99
2019-03-12,16.21,65.33,1.1276,41.57,6.53,11.47
2019-03-13,15.725,65.89,1.131,41.38,7.02,10.98
2019-03-14,15.605,66.18,1.1304,41.22,7.395,10.605
2019-03-15,15.25,66.11,1.1326,41.17,10.17,7.83
2019-03-18,14.98,66.65,1.1337,41.06,6.02,11.98
2019-03-19,15.005,67.13,1.1346,40.85,5.74,12.26
2019-03-20,15.215,68.35,1.1352,40.69,7.32,10.68
2019-03-21,14.565,68.3,1.1361,40.61,8.15,9.85
2019-03-22,14.455,66.29,1.1282,40.65,9.275,8.725
2019-03-25,14.185,67.37,1.1324,41.05,7.22,10.78
2019-03-26,14.385,67.51,1.128,41,6.69,11.31
2019-03-27,14.995,67.35,1.125,40.92,7.625,10.375
2019-03-28,14.43,66.08,1.1236,40.9,8.695,9.305
2019-03-29,14.215,67.93,1.1228,41.05,9.84,8.16
2019-04-01,13.845,69.08,1.121,44,9.835,8.165
2019-04-02,13.455,69.68,1.1186,43.93,10.375,7.625
2019-04-03,14.19,69.21,1.1242,44,7.27,10.73
2019-04-04,14.805,69.8,1.1216,43.88,5.945,12.055
2019-04-05,16.635,69.93,1.1217,43.92,7.525,10.475
2019-04-08,15.965,71.12,1.1262,44.62,11.075,6.925
2019-04-09,16.755,71.02,1.1278,44.75,10.32,7.68
2019-04-10,15.73,71.63,1.1266,44.82,8.965,9.035
2019-04-11,15.995,71.3,1.1262,44.85,7.035,10.965
2019-04-12,15.855,71.57,1.1304,42.86,5.775,12.225
2019-04-15,15.01,70.9,1.1304,43.14,8.88,9.12
2019-04-16,14.835,70.74,1.1293,43.33,10.89,7.11
2019-04-17,15.195,71.14,1.1297,43.58,11.95,6.05
2019-04-18,14.46,70.71,1.1241,43.95,14.245,3.755
2019-04-22,14.46,70.71,1.1258,46.11,15.96,2.04
2019-04-23,14.42,74.39,1.1213,46.56,15.455,2.545
2019-04-24,14.265,73.59,1.1192,47.02,15.25,2.75
2019-04-25,14.535,74.94,1.114,47.44,13.355,4.645
2019-04-26,14.425,71.03,1.1154,47.87,11.305,6.695
2019-04-29,14.525,71.22,1.1166,48.92,9.38,8.62
2019-04-30,14.39,72.19,1.1201,49.2,11.665,6.335
2019-05-01,14.055,72.01,1.1246,49.65,12.53,5.47
2019-05-02,14.365,70.56,1.1184,50.01,12.265,5.735
2019-05-03,14.565,71.95,1.1186,50.36,10.56,7.44
2019-05-06,14.335,71.95,1.1197,51.22,8.135,9.865
2019-05-07,14.155,70.98,1.1178,51.45,9.695,8.305
2019-05-08,14.32,71.09,1.1206,51.72,10.59,7.41
2019-05-09,14.455,70.61,1.1228,51.98,11.34,6.66
2019-05-10,13.995,71.63,1.1241,52.26,11.905,6.095
2019-05-13,13.76,72.35,1.1232,53.24,10.635,7.365
2019-05-14,13.785,72.53,1.1207,53.49,11.035,6.965
2019-05-15,13.855,73.09,1.1208,53.69,10.77,7.23
2019-05-16,13.385,74.7,1.1178,53.93,11.53,6.47
2019-05-17,12.855,73.94,1.1166,54.23,12.59,5.41
2019-05-20,12.905,73.21,1.117,55.48,14.405,3.595
2019-05-21,12.705,72.94,1.1158,55.86,13.975,4.025
2019-05-22,12.65,71.94,1.1156,56.25,14.07,3.93
2019-05-23,12.595,68.37,1.1172,56.66,15.405,2.595
2019-05-24,12.25,67.98,1.1197,57.11,16.42,1.58
2019-05-28,12.52,70.19,1.1177,58.92,13.395,4.605
2019-05-29,12.225,70.64,1.1136,59.31,13.235,4.765
2019-05-30,11.475,69.55,1.114,59.77,16.495,1.505
2019-05-31,11.205,66.78,1.1149,60.27,17.72,0.28
2019-06-03,11.1,63.16,1.1206,61.71,19.67,0
2019-06-04,11.91,63.56,1.1236,62.18,19.83,0
2019-06-05,11.6,62.14,1.1242,62.58,19.455,0
2019-06-06,11.105,62.77,1.1294,63.01,15.815,2.185
2019-06-07,11.52,64.1,1.1324,63.45,16.065,1.935
2019-06-10,11.805,64.31,1.1311,64.86,16.62,1.38
2019-06-11,11.2,63.56,1.1316,65.24,15.91,2.09
2019-06-12,11.14,61.66,1.131,65.63,15.45,2.55
2019-06-13,11.395,63.28,1.1275,66.03,15.805,2.195
2019-06-14,11.32,63.13,1.1217,66.42,17.78,0.22
2019-06-17,11.57,62.56,1.1235,67.8,19.12,0
2019-06-18,11.035,63.35,1.1196,68.17,20.45,0
2019-06-19,10.485,62.85,1.1214,68.52,21.45,0
2019-06-20,10.15,65.44,1.1284,68.91,18.755,0
2019-06-21,10.355,65.99,1.1328,69.3,18.13,0
2019-06-24,10.2,65.16,1.1393,70.68,24.225,0
2019-06-25,9.845,66.24,1.1386,71.07,25.63,0
2019-06-26,9.62,66.85,1.139,71.47,25.465,0
2019-06-27,9.375,66.78,1.1372,71.85,23.27,0
2019-06-28,10.115,67.52,1.1374,72.23,21.95,0
2019-07-01,10.365,65.1,1.1307,73.39,21.67,0
2019-07-02,10.225,62.72,1.1301,73.68,19.935,0
2019-07-03,10.295,63.53,1.1275,73.99,19.445,0
2019-07-05,11.215,64.23,1.1216,74.62,21.735,0
2019-07-08,11.88,64.89,1.1208,75.8,17.6,0.4
2019-07-09,11.76,64.3,1.121,76.03,17.51,0.49
2019-07-10,12.135,66.41,1.126,76.31,19.215,0
2019-07-11,13.13,67.64,1.1261,76.61,19.62,0
2019-07-12,13.28,66.65,1.1254,76.96,19.585,0
2019-07-15,12.895,66.86,1.126,78.13,17.225,0.775
2019-07-16,11.415,65.87,1.1212,78.37,18.23,0
2019-07-17,10.99,63.67,1.1232,78.6,20.04,0
2019-07-18,10.735,60.7,1.1228,78.85,20.25,0
2019-07-19,10.815,61.04,1.122,79.1,20.37,0
2019-07-22,10.16,61.96,1.1214,80.13,22.735,0
2019-07-23,10.75,62.28,1.1156,80.42,25.605,0
2019-07-24,10.075,63.83,1.1141,80.69,28.285,0
2019-07-25,10.025,63.47,1.1156,80.96,29.81,0
2019-07-26,9.965,62.46,1.1121,81.36,27.605,0
2019-07-29,9.81,62.29,1.1142,82.05,20.955,0
2019-07-30,9.79,62.55,1.1148,82.35,21.96,0
2019-07-31,11,64.07,1.113,82.7,20.44,0
2019-08-01,12.36,62.9,1.1062,82.88,20.49,0
2019-08-02,12.015,61.12,1.1112,83.17,20.37,0
2019-08-05,11.465,59.32,1.1197,84.09,22.17,0
2019-08-06,10.95,58.63,1.1196,84.39,20.68,0
2019-08-07,11.41,55.03,1.1236,84.71,19.5,0
2019-08-08,12.075,56.29,1.121,85.38,20.49,0
2019-08-09,12.025,57.37,1.1222,85.76,22.02,0
2019-08-12,11.42,57.13,1.1212,86.83,17.715,0.285
2019-08-13,11.86,59.9,1.1182,87.1,16.615,1.385
2019-08-14,11.18,57.86,1.1144,87.39,17.05,0.95
2019-08-15,11.225,57.37,1.1106,87.74,18.62,0
2019-08-16,10.955,59,1.1091,88.07,18.21,0
2019-08-19,10.785,59.79,1.1096,89.27,18.88,0
2019-08-20,11.215,59.03,1.1092,89.56,17.41,0.59
2019-08-21,11.415,60.6,1.1098,89.86,17.515,0.485
2019-08-22,10.99,59.81,1.1089,90.15,18.33,0
2019-08-23,10.585,58.64,1.1148,90.24,19.82,0
2019-08-26,10.315,58.64,1.1112,90.93,24.09,0
2019-08-27,10.07,58.44,1.1094,91.09,24.765,0
2019-08-28,10.235,60.42,1.1084,91.25,23.605,0
2019-08-29,10.715,60.59,1.1059,91.42,21.415,0
2019-08-30,12.795,61.04,1.0989,91.63,20.81,0
2019-09-03,12.1,57.93,1.0968,92.79,17.97,0.03
2019-09-04,11.96,60.68,1.1025,92.98,18.215,0
2019-09-05,12.235,62.7,1.1038,93.15,16.145,1.855
2019-09-06,12.35,61.28,1.1042,93.28,14.72,3.28
2019-09-09,12.235,63.99,1.1056,93.68,13.75,4.25
2019-09-10,14.405,64.67,1.1042,93.81,14.515,3.485
2019-09-11,14.355,63.02,1.1001,93.96,16.245,1.755
2019-09-12,14.465,60.76,1.1074,94.14,18.755,0
2019-09-13,14.71,61.25,1.1074,94.3,18.37,0
2019-09-16,15.335,68.42,1.1006,94.97,17.32,0.68
2019-09-17,13.44,65.59,1.1063,95.11,16.5,1.5
2019-09-18,12.435,64.29,1.1061,95.2,14.03,3.97
2019-09-19,12.255,64.25,1.1046,95.24,13.795,4.205
2019-09-20,12.71,65.23,1.1004,95.33,13.95,4.05
2019-09-23,12.245,64.66,1.0991,95.85,16.265,1.735
2019-09-24,12.34,64.13,1.0999,95.97,15.925,2.075
2019-09-25,11.95,62.41,1.0949,96.02,15.8,2.2
2019-09-26,12.045,62.08,1.0938,96.12,16.515,1.485
2019-09-27,11.94,62.48,1.0942,96.26,15.92,2.08
2019-09-30,16.39,60.99,1.0905,96.68,15.595,2.405
2019-10-01,16.76,60.06,1.0932,96.92,16.21,1.79
2019-10-02,16.005,57.92,1.0951,97.04,12.76,5.24
2019-10-03,16.01,58.01,1.0991,97.05,10.535,7.465
2019-10-04,15.77,59.13,1.0974,97.05,11.95,6.05
2019-10-07,15.505,59.46,1.0984,97.27,11.845,6.155
2019-10-08,15.64,58.14,1.0949,97.27,13.37,4.63
2019-10-09,15.575,59.7,1.0978,97.28,12.17,5.83
2019-10-10,15.85,59.08,1.1018,97,12.435,5.565
2019-10-11,16.135,60.59,1.1039,97.05,14.015,3.985
2019-10-14,16.04,58.81,1.1039,97.41,16.11,1.89
2019-10-15,16.065,59.19,1.1036,97.46,14.565,3.435
2019-10-16,16.075,59.3,1.1075,97.44,13.17,4.83
2019-10-17,16.025,59.35,1.1129,97.47,13.55,4.45
2019-10-18,15.965,59.96,1.1155,97.47,13.365,4.635
2019-10-21,15.61,58.95,1.1145,97.56,13.14,4.86
2019-10-22,15.595,60.5,1.1138,97.56,11.655,6.345
2019-10-23,15.415,60.52,1.1118,97.5,12.145,5.855
2019-10-24,15.655,61.71,1.1098,97.54,13.555,4.445
2019-10-25,15.235,62.06,1.1081,97.59,13.345,4.655
2019-10-28,14.39,60.39,1.1094,97.84,8.065,9.935
2019-10-29,13.835,61.05,1.1117,97.73,8.68,9.32
2019-10-30,13.78,60.22,1.1123,97.63,7.525,10.475
2019-10-31,16.135,59.3,1.1155,97.27,6.73,11.27
2019-11-01,16.175,60.17,1.1169,97.32,9.25,8.75
2019-11-04,16.48,62.52,1.1144,97.62,10.205,7.795
2019-11-05,16.79,62.72,1.107,97.6,9.105,8.895
2019-11-06,16.28,62.11,1.1076,97.57,8.035,9.965
2019-11-07,16.12,62.6,1.1045,97.55,7.945,10.055
2019-11-08,15.94,62,1.1019,97.48,6.045,11.955
2019-11-11,15.845,62.58,1.1019,97.33,4.69,13.31
2019-11-12,15.545,62.19,1.1017,97.16,5.555,12.445
2019-11-13,15.45,62.27,1.1004,96.97,5.62,12.38
2019-11-14,15.67,62.46,1.1016,96.76,5.365,12.635
2019-11-15,15.715,63.32,1.1046,96.62,4.765,13.235
2019-11-18,15.23,62.82,1.1079,96.16,5.33,12.67
2019-11-19,15.29,62.37,1.1075,95.84,4.71,13.29
2019-11-20,15.59,63.8,1.1063,95.41,3.505,14.495
2019-11-21,15.625,64.99,1.1067,95.06,4.01,13.99
2019-11-22,16.05,64.83,1.1029,94.84,5.735,12.265
2019-11-25,16.235,64.67,1.1009,94.68,7.805,10.195
2019-11-26,15.85,64.82,1.1012,94.61,9.36,8.64
2019-11-27,15.98,65.03,1.1002,94.56,9.64,8.36
2019-11-29,16.33,64.5,1.1019,94.48,6.46,11.54
2019-12-02,15.81,63.2,1.1075,93.91,2.455,15.545
2019-12-03,15.77,62.95,1.1089,93.59,3.515,14.485
2019-12-04,15.88,65.25,1.1076,93.23,1.855,16.145
2019-12-05,15.415,65.67,1.1104,92.83,0.56,17.44
2019-12-06,15.14,66.5,1.1052,92.56,4.29,13.71
2019-12-09,14.89,66.44,1.1067,92.15,6.675,11.325
2019-12-10,14.53,66.57,1.109,91.8,4.43,13.57
2019-12-11,14.045,65.37,1.1092,91.38,4.36,13.64
2019-12-12,14.77,66.67,1.1115,90.94,3.835,14.165
2019-12-13,13.805,67.44,1.1128,90.6,4.58,13.42
2019-12-16,13.89,68.04,1.1139,90.09,7.72,10.28
2019-12-17,14.46,68.99,1.1148,89.87,8.525,9.475
2019-12-18,14.95,69.12,1.1113,89.64,7.735,10.265
2019-12-19,15.005,69.7,1.1128,89.57,9.075,8.925
2019-12-20,14.235,68.66,1.1076,89.52,8.09,9.91
2019-12-23,13.025,67.49,1.1091,89.57,7.37,10.63
2019-12-24,12.605,69.26,1.1084,89.58,8.005,9.995
2019-12-26,12.605,69.26,1.1102,89.54,4.865,13.135
2019-12-27,12.765,68.91,1.1174,89.39,5.575,12.425
2019-12-30,12.295,68.3,1.1217,88.68,1.73,16.27
2019-12-31,12.05,67.77,1.1227,88.4,1.61,16.39
2020-01-02,12.075,67.05,1.1166,87.59,3.455,14.545
2020-01-03,12.985,69.08,1.1173,87.19,6.415,11.585
2020-01-06,12.28,70.25,1.1187,85.9,3.65,14.35
2020-01-07,11.93,68.74,1.1138,85.33,5.38,12.62
2020-01-08,11.965,67.31,1.1117,84.8,7.655,10.345
2020-01-09,12.18,66.58,1.1106,84.3,9.155,8.845
2020-01-10,11.94,66.77,1.1119,83.88,6.925,11.075
2020-01-13,12.055,64.14,1.1138,82.53,6.095,11.905
2020-01-14,11.305,64.45,1.113,82,8.405,9.595
2020-01-15,11.18,63.29,1.116,81.47,8.65,9.35
2020-01-16,11.115,64.63,1.1131,80.92,7.57,10.43
2020-01-17,10.93,64.05,1.1093,80.36,6.875,11.125
2020-01-21,10.775,63.66,1.1096,77.75,0.1,17.9
2020-01-22,10.455,62.11,1.1085,76.99,0.465,17.535
2020-01-23,10.43,61.26,1.1041,76.25,2.09,15.91
2020-01-24,10.455,59.34,1.1026,75.51,1.26,16.74
2020-01-27,10.525,58.54,1.1019,73.76,6.2,11.8
2020-01-28,10.79,59.37,1.1008,73.04,5.37,12.63
2020-01-29,10.15,59.46,1.1004,72.4,4.645,13.355
2020-01-30,9.78,57.72,1.1032,71.97,7.325,10.675
2020-01-31,9.755,57.77,1.1082,71.47,10.54,7.46
2020-02-03,9.21,54,1.1062,70.72,10.145,7.855
2020-02-04,9.365,53.9,1.1043,70.27,6.015,11.985
2020-02-05,9.315,55.36,1.1006,69.72,4.715,13.285
2020-02-06,9.15,55.18,1.0979,69.09,2.555,15.445
2020-02-07,9.07,54.53,1.095,68.57,2.89,15.11
2020-02-10,8.645,53.39,1.0916,67.55,8.32,9.68
2020-02-11,8.555,54,1.0917,67.17,5.805,12.195
2020-02-12,8.72,55.54,1.0893,66.59,5.065,12.935
2020-02-13,8.89,56.34,1.0848,66.06,5.47,12.53
2020-02-14,8.88,57.37,1.0839,65.62,6.935,11.065
2020-02-18,9.38,57.35,1.0815,64.59,6.96,11.04
2020-02-19,9.57,59.72,1.0794,64.17,6.18,11.82
2020-02-20,9.565,59.57,1.0797,63.82,7.57,10.43
2020-02-21,9.41,58.6,1.0855,63.45,6.135,11.865
2020-02-24,9.045,56.71,1.0857,62.77,8.865,9.135
2020-02-25,9.005,55.29,1.0868,62.46,7.875,10.125
2020-02-26,9.07,54.96,1.0887,61.94,4.345,13.655
2020-02-27,8.87,52.19,1.0977,61.4,3.3,14.7
2020-02-28,8.875,51.31,1.1001,60.94,4.835,13.165
2020-03-02,8.885,52.52,1.1164,60.09,5.975,12.025
2020-03-03,9.17,52.24,1.1175,59.66,5.17,12.83
2020-03-04,8.91,51.86,1.113,59.25,4.695,13.305
2020-03-05,8.85,51.29,1.1202,58.79,6.14,11.86
2020-03-06,8.645,45.6,1.1319,58.43,5.925,12.075
2020-03-09,8.625,35.33,1.142,57.78,7.27,10.73
2020-03-10,8.995,35.57,1.1342,57.54,9.43,8.57
2020-03-11,9.37,34.45,1.128,57.4,12.115,5.885
2020-03-12,9.325,31.02,1.1081,57.27,9.915,8.085
2020-03-13,9.285,32.25,1.1066,57.04,7.59,10.41
2020-03-16,8.74,27.98,1.1139,56.67,8.38,9.62
2020-03-17,8.47,27.97,1.0971,56.5,9.23,8.77
2020-03-18,8.265,22.79,1.0833,56.4,10.345,7.655
2020-03-19,8.545,23.98,1.0699,56.3,10.14,7.86
2020-03-20,8.295,25.55,1.0682,56.25,9.645,8.355
2020-03-23,7.85,23.75,1.076,55.82,4.23,13.77
2020-03-24,7.91,24.5,1.0794,55.58,4.26,13.74
2020-03-25,7.745,25.62,1.0835,55.32,4.435,13.565
2020-03-26,7.575,23.55,1.1025,55.08,5.105,12.895
2020-03-27,7.22,22.39,1.1059,54.94,7.77,10.23
2020-03-30,6.895,19.19,1.1018,54.62,4.33,13.67
2020-03-31,6.9,14.85,1.1016,54.32,4.99,13.01
2020-04-01,6.825,14.97,1.0934,54.49,3.91,14.09
2020-04-02,6.935,20.24,1.0862,54.46,5.92,12.08
2020-04-03,6.92,24.33,1.0797,54.46,7.81,10.19
2020-04-06,7.285,22.58,1.0808,55.11,12.365,5.635
2020-04-07,7.285,22.1,1.0886,55.33,13.105,4.895
2020-04-08,7.26,25.22,1.0864,55.6,14.595,3.405
2020-04-09,7.28,20.23,1.0931,55.92,14.82,3.18
2020-04-13,7.28,20.23,1.0906,57.4,10.705,7.295
2020-04-14,6.875,21.74,1.0971,57.67,7.6,10.4
2020-04-15,6.65,19.8,1.0909,57.88,9.19,8.81
2020-04-16,6.905,18.69,1.084,58.16,13.005,4.995
2020-04-17,6.995,19.75,1.0883,58.47,14.16,3.84
2020-04-20,6.62,17.36,1.0874,59.52,13.15,4.85
2020-04-21,6.315,9.12,1.0854,59.86,14.04,3.96
2020-04-22,6.225,13.77,1.0829,59.61,14.855,3.145
2020-04-23,6.055,15.06,1.0815,60.51,15.215,2.785
2020-04-24,5.77,15.87,1.0798,60.87,15.155,2.845
2020-04-27,5.94,15.17,1.0829,61.89,14.265,3.735
2020-04-28,6.145,15.6,1.0836,62.15,12.91,5.09
2020-04-29,6.015,17.86,1.0853,62.47,12.91,5.09
2020-04-30,6.22,18.11,1.0934,62.78,11.71,6.29
2020-05-01,5.845,18.49,1.0998000000000001,63.36,11.145,6.855
2020-05-04,5.74,20.4,1.0911,64.38,13.02,4.98
2020-05-05,5.675,25.46,1.0844,64.67,11.215,6.785
2020-05-06,5.765,24.2,1.0806,64.96,11.865,6.135
2020-05-07,5.845,24.23,1.0815,65.29,13.68,4.32
2020-05-08,5.83,24.23,1.0854,65.7,16.28,1.72
2020-05-11,5.705,25.53,1.0818,66.94,9.29,8.71
2020-05-12,5.315,26.67,1.0864,67.08,9.26,8.74
2020-05-13,5.12,27.89,1.0837,67.27,10.25,7.75
2020-05-14,5.265,29.87,1.08,67.49,10.385,7.615
2020-05-15,5.22,30.95,1.0816,67.73,11.565,6.435
2020-05-18,4.92,33.3,1.0904,68.83,16.235,1.765
2020-05-19,4.61,33.06,1.0937,69.13,17.465,0.535
2020-05-20,4.46,34.76,1.098,69.39,18.915,0
2020-05-21,3.825,34.78,1.0953,69.76,19.84,0
2020-05-22,3.89,33.8,1.0894,70.2,19.62,0
2020-05-26,4.125,33.95,1.097,71.62,16.955,1.045
2020-05-27,3.695,32.73,1.0969,71.82,17.85,0.15
2020-05-28,3.51,33.98,1.1069,72.23,17.16,0.84
2020-05-29,4.385,34.15,1.1107,72.48,16.67,1.33
2020-06-01,4.055,36.74,1.1123,73.38,19.085,0
2020-06-02,4.85,37.72,1.1166,73.63,20.49,0
2020-06-03,5.33,37.98,1.1246,73.88,19.045,0
2020-06-04,5.39,38.41,1.1322,74.14,14.71,3.29
2020-06-05,5.71,41,1.1297,74.39,13.145,4.855
2020-06-08,5.25,39.66,1.1293,75.22,14.39,3.61
2020-06-09,4.805,40.45,1.1348,75.37,14.48,3.52
2020-06-10,4.8,41.18,1.1355,75.53,14.765,3.235
2020-06-11,4.99,37.76,1.1378,75.76,15.73,2.27
2020-06-12,5.275,38.54,1.1253,76.03,18.365,0
2020-06-15,5.515,39.44,1.127,76.95,17.945,0.055
2020-06-16,5.26,40.75,1.1259,77.13,17.64,0.36
2020-06-17,5.21,40.47,1.1219,77.3,17.795,0.205
2020-06-18,5.45,41.75,1.1216,77.51,17.205,0.795
2020-06-19,5.615,42.33,1.1189,77.73,17.15,0.85
2020-06-22,5.495,43.2,1.126,78.69,18.625,0
2020-06-23,5.83,42.72,1.1322,78.92,20.6,0
2020-06-24,5.665,40.4,1.1272,79.13,22.84,0
2020-06-25,5.255,41.18,1.1221,79.34,23.275,0
2020-06-26,5.105,40.97,1.1215,79.59,23.21,0
2020-06-29,5.84,41.58,1.1237,80.54,17.815,0.185
2020-06-30,6.165,41.64,1.1237,80.64,18.12,0
2020-07-01,5.865,42.18,1.1259,80.82,20.12,0
2020-07-02,5.945,43.19,1.1237,81.01,19.045,0
2020-07-06,6.095,42.73,1.1307,82.28,17.725,0.275
2020-07-07,6.125,43.28,1.1299,82.41,16.915,1.085
2020-07-08,5.935,43.67,1.1329,82.51,17.36,0.64
2020-07-09,5.755,42.35,1.1298,82.61,20.59,0
2020-07-10,5.475,43.27,1.1318,82.8,18.95,0
2020-07-13,5.11,42.85,1.1364,83.75,19.615,0
2020-07-14,5.085,42.97,1.1406,83.84,19.185,0
2020-07-15,5.225,43.96,1.1406,83.81,17.815,0.185
2020-07-16,5.06,43.71,1.1433,83.88,17.88,0.12
2020-07-17,5.115,43.53,1.1438,83.95,19.96,0
2020-07-20,4.73,43.3,1.1442,84.33,19.865,0
2020-07-21,4.79,44.31,1.1495,84.36,19.115,0
2020-07-22,4.83,43.98,1.1587,84.38,19.6,0
2020-07-23,4.985,42.96,1.1623000000000001,84.43,20.695,0
2020-07-24,5.01,43.29,1.1635,84.5,20.795,0
2020-07-27,4.785,43.39,1.175,85.06,21.19,0
2020-07-28,4.96,43.11,1.1733,85.25,20.965,0
2020-07-29,5.175,43.51,1.177,85.43,19.525,0
2020-07-30,5.225,42.98,1.1791,85.58,21.975,0
2020-07-31,6.025,43.13,1.1822,85.43,25.885,0
2020-08-03,6.8,43.76,1.175,86.42,18.78,0
2020-08-04,7.355,43.99,1.1766,86.6,18.83,0
2020-08-05,7.32,44.92,1.1898,86.76,21.11,0
2020-08-06,7.94,45.04,1.1856,86.94,23.18,0
2020-08-07,7.93,44.07,1.1776,87.16,25.95,0
2020-08-10,7.59,44.19,1.1756,87.88,27.445,0
2020-08-11,7.415,43.68,1.1764,88.12,27.54,0
2020-08-12,7.17,45.09,1.1796,88.3,26.955,0
2020-08-13,7.31,44.87,1.1818,88.49,23.885,0
2020-08-14,8.02,44.86,1.1833,88.71,21.8,0
2020-08-17,8.18,44.91,1.1869,89.49,19.95,0
2020-08-18,8.55,45.34,1.1928,89.68,20.305,0
2020-08-19,8.355,45.21,1.1898,89.86,20.42,0
2020-08-20,8.15,44.56,1.1862,90.03,23.22,0
2020-08-21,7.62,43.94,1.1775,90.27,23.95,0
2020-08-24,8.36,44.43,1.1803,90.97,18.155,0
2020-08-25,8.865,46.01,1.1818,91.1,18.99,0
2020-08-26,9.15,45.79,1.1813,91.22,19.665,0
2020-08-27,8.87,44.84,1.1824,91.28,18.05,0
2020-08-28,11.17,45.22,1.1901,91.21,17.62,0.38
2020-08-31,11.24,45.22,1.195,91.24,15.355,2.645
2020-09-01,11.295,45.72,1.1949,91.23,15.64,2.36
2020-09-02,11.11,42.7,1.184,91.5,15.68,2.32
2020-09-03,11.735,42.72,1.1832,91.65,17.555,0.445
2020-09-04,11.68,41.1,1.182,91.8,19.465,0
2020-09-08,10.8,38.53,1.1789,92.5,18.205,0
2020-09-09,10.735,39.98,1.181,92.63,19.215,0
2020-09-10,10.515,39.27,1.188,92.72,18.03,0
2020-09-11,10.495,38.8,1.1831,92.87,17.775,0.225
2020-09-14,10.705,38.57,1.1874,93.52,21.12,0
2020-09-15,10.895,39.54,1.1846,93.63,22.61,0
2020-09-16,11.32,41.23,1.1835,93.73,21.92,0
2020-09-17,11.12,42.35,1.1823,93.69,18.305,0
2020-09-18,11.475,42.16,1.1857,93.84,17.92,0.08
2020-09-21,11.495,40.37,1.1737,94.31,17.645,0.355
2020-09-22,11.705,40.84,1.1703,94.39,17.67,0.33
2020-09-23,12.02,41.09,1.1677,94.48,17.965,0.035
2020-09-24,11.635,41.24,1.1666,94.6,15.155,2.845
2020-09-25,11.665,40.91,1.1618,94.72,12.035,5.965
2020-09-28,12.35,41.59,1.166,94.92,12.305,5.695
2020-09-29,12.28,40.33,1.1717,94.88,14.12,3.88
2020-09-30,13.285,40.3,1.1723,94.78,14.63,3.37
2020-10-01,13.18,39.75,1.1752,94.81,13.71,4.29
2020-10-02,13.025,38,1.1706,94.96,13.75,4.25
2020-10-05,13.42,39.78,1.1784,95.43,11.935,6.065
2020-10-06,13.305,41.27,1.1778,95.5,12.665,5.335
2020-10-07,13.71,40.62,1.1766,95.54,12.925,5.075
2020-10-08,13.9,42,1.1753,95.58,13.99,4.01
2020-10-09,13.755,41.63,1.1819,95.64,12.99,5.01
2020-10-12,13.84,40.5,1.1819,95.86,9.6,8.4
2020-10-13,13.595,41.34,1.1737,95.54,8.945,9.055
2020-10-14,13.87,41.81,1.1755,95.43,9.12,8.88
2020-10-15,14.24,41.61,1.1701,95.26,9.3,8.7
2020-10-16,14.5,41.34,1.1717,95.09,9.255,8.745
2020-10-19,14.72,41.29,1.1788,94.85,9.565,8.435
2020-10-20,14.895,41.62,1.1824,94.76,11.495,6.505
2020-10-21,14.865,40.09,1.187,94.72,14.675,3.325
2020-10-22,15.255,41.28,1.1824,94.67,14.645,3.355
2020-10-23,15.41,40.71,1.1844,94.63,13.565,4.435
2020-10-26,14.865,39.06,1.1816,94.85,10.275,7.725
2020-10-27,14.745,39.72,1.1834,94.7,9.555,8.445
2020-10-28,14.485,37.86,1.1751,94.62,11.04,6.96
2020-10-29,14.215,36.56,1.1658,94.57,11.23,6.77
2020-10-30,14.06,36.33,1.1647,94.61,13.585,4.415
2020-11-02,13.655,37.78,1.1634,95.13,16.01,1.99
2020-11-03,13.665,38.17,1.1724,95.03,10.465,7.535
2020-11-04,13.885,39.68,1.173,94.85,7.1,10.9
2020-11-05,14.455,39.47,1.1809,94.64,6.395,11.605
2020-11-06,13.9,38.08,1.1886,94.49,6.33,11.67
2020-11-09,13.855,40.93,1.1811,94.23,10.36,7.64
2020-11-10,14.035,42.25,1.181,93.97,9.71,8.29
2020-11-11,14.095,42.5,1.181,93.77,9.515,8.485
2020-11-12,14,42.16,1.1814,93.58,10.05,7.95
2020-11-13,14.24,41.51,1.1824,93.4,9.725,8.275
2020-11-16,14.495,42.71,1.1844,93.27,10.63,7.37
2020-11-17,13.97,42.54,1.1862,93.12,11.035,6.965
2020-11-18,13.68,42.91,1.1869,93.01,10.49,7.51
2020-11-19,13.02,43.09,1.1843,92.81,8.63,9.37
2020-11-20,12.895,43.79,1.1857,92.5,5.33,12.67
2020-11-23,13.535,45,1.1826,91.71,6.625,11.375
2020-11-24,13.9,46.63,1.1874,91.32,6.41,11.59
2020-11-25,13.93,47.3,1.1908,90.84,6.325,11.675
2020-11-27,14.485,46.88,1.1908,89.8,3.79,14.21
2020-11-30,15.14,46.84,1.1948,88.38,2.17,15.83
2020-12-01,14.91,47.03,1.2039,87.78,4.2,13.8
2020-12-02,14.905,47.8,1.2093,87.11,3.495,14.505
2020-12-03,14.145,48.37,1.2152,86.46,3.93,14.07
2020-12-04,14.645,49.1,1.2142,85.87,4.145,13.855
2020-12-07,14.355,48.63,1.2138,84.4,3.175,14.825
2020-12-08,14.445,48.84,1.2111,83.84,1.74,16.26
2020-12-09,14.735,48.81,1.208,83.13,2.37,15.63
2020-12-10,15.54,50.33,1.2118,82.49,3.305,14.695
2020-12-11,15.96,50.01,1.2112,81.89,4.385,13.615
2020-12-14,16.605,50.27,1.2145,80.62,7.185,10.815
2020-12-15,17.225,50.77,1.2158,80.2,7.255,10.745
2020-12-16,16.38,50.83,1.2175,79.75,7.51,10.49
2020-12-17,15.94,51.2,1.2258,79.33,7.645,10.355
2020-12-18,15.885,52.17,1.2236,78.97,7.045,10.955
2020-12-21,16.795,50.61,1.223,78.05,7.99,10.01
2020-12-22,17.635,49.88,1.2172,77.73,11.51,6.49
2020-12-23,17.505,51.05,1.2194,77.51,11.14,6.86
2020-12-24,17.65,50.88,1.2194,77.3,6.5,11.5
2020-12-28,19.15,50.88,1.2213,75.83,2.835,15.165
2020-12-29,18.775,50.44,1.2252,75.31,2.065,15.935
2020-12-30,19,50.74,1.228,74.79,2.335,15.665
2020-12-31,19.125,51.22,1.223,74.13,1.47,16.53
2021-01-04,19.845,50.37,1.2254,71.89,2.175,15.825
2021-01-05,18.005,53.16,1.2295,71.07,2.3,15.7
2021-01-06,17.565,53.8,1.229,70.28,2.215,15.785
2021-01-07,19.305,53.7,1.2265,69.4,0.98,17.02
2021-01-08,20.12,55.51,1.2252,68.5,0.685,17.315
2021-01-11,22.125,54.84,1.2169,66.05,1.04,16.96
2021-01-12,26.155,55.98,1.2168,65.17,4.055,13.945
2021-01-13,21.5,55.52,1.2159,64.34,3.705,14.295
2021-01-14,21.335,55.76,1.2156,63.44,3.8,14.2
2021-01-15,20.2,54.8,1.2099,62.47,0.74,17.26
2021-01-19,20.325,55.38,1.2126,59.07,5.205,12.795
2021-01-20,20.26,55.66,1.2126,58.41,6.655,11.345
2021-01-21,20.065,55.68,1.2143,57.83,7.09,10.91
2021-01-22,21.485,55.22,1.2179,57.24,4.79,13.21
2021-01-25,20.16,55.44,1.2138,55.33,1.015,16.985
2021-01-26,19.51,55.26,1.2147,54.55,2.15,15.85
2021-01-27,19.7,55.07,1.2101,53.77,3.56,14.44
2021-01-28,20.91,54.87,1.2122,53.12,7.33,10.67
2021-01-29,19.82,55.25,1.2135,52.57,8.33,9.67
2021-02-01,18.14,56.42,1.207,50.81,4.305,13.695
2021-02-02,18.25,57.62,1.202,50.21,7.105,10.895
2021-02-03,17.855,58.61,1.2025,49.74,8.93,9.07
2021-02-04,18.12,58.98,1.1974,49.23,7.075,10.925
2021-02-05,18.38,59.48,1.2035,48.75,6.585,11.415
2021-02-08,20.18,60.17,1.2045,46.98,-1.845,19.845
2021-02-09,19.045,60.74,1.2106,46.09,-3.08,21.08
2021-02-10,18.56,61.17,1.2132,45.19,-3.855,21.855
2021-02-11,17.375,61.09,1.2127,44.29,-3.13,21.13
2021-02-12,17.62,62.47,1.2126,43.37,-3.285,21.285
2021-02-16,16.715,63.96,1.2107,40.35,6.08,11.92
2021-02-17,16.54,65.02,1.2042,39.88,7.875,10.125
2021-02-18,17.33,64.09,1.2078,39.44,6.875,11.125
2021-02-19,16.555,62.84,1.2136,39.01,7.15,10.85
2021-02-22,15.96,64.73,1.2155,38.19,8.835,9.165
2021-02-23,16.25,65.16,1.2142,37.91,10.36,7.64
2021-02-24,16.38,66.85,1.2143,37.72,11.7,6.3
2021-02-25,15.935,66.69,1.2229,37.47,10.33,7.67
2021-02-26,15.695,65.86,1.2093,37.22,6.73,11.27
2021-03-01,16.08,64.56,1.2054,36.43,5.49,12.51
2021-03-02,15.87,63.17,1.2079,36.1,6.41,11.59
2021-03-03,15.525,64.7,1.2073,35.77,6.7,11.3
2021-03-04,15.93,67.32,1.2045,35.39,6.89,11.11
2021-03-05,16.365,69.95,1.1914,34.99,4.36,13.64
2021-03-08,16.15,68,1.1849,33.89,2.86,15.14
2021-03-09,16.925,67.03,1.1885,33.44,4.675,13.325
2021-03-10,17.63,67.53,1.19,33.11,5.87,12.13
2021-03-11,18.125,69.34,1.1978,32.91,9.16,8.84
2021-03-12,18.45,68.87,1.1952,32.94,7.415,10.585
2021-03-15,17.93,68.78,1.1917,32.27,6.88,11.12
2021-03-16,17.66,67.95,1.1895,31.99,6.8,11.2
2021-03-17,17.97,67.73,1.1905,31.69,5.59,12.41
2021-03-18,17.76,62.11,1.1926,31.32,4.425,13.575
2021-03-19,17.265,64,1.1909,30.99,4.785,13.215
2021-03-22,18.045,63.89,1.1932,30.29,5.715,12.285
2021-03-23,18.39,59.96,1.1872,30.05,6.585,11.415
2021-03-24,18.59,63.7,1.1831,29.88,7.175,10.825
2021-03-25,18.365,61.21,1.1777,29.77,8.125,9.875
2021-03-26,18.7,63.77,1.1798,29.79,9.515,8.485
2021-03-29,18.445,64.06,1.1779,29.9,11.425,6.575
2021-03-30,18.805,63.28,1.1724,30.07,12.225,5.775
2021-03-31,18.995,63.52,1.1743,29.99,14.13,3.87
2021-04-01,19.17,63.85,1.1772,30.55,13.47,4.53
2021-04-05,19.17,63.85,1.181,31.21,5.105,12.895
2021-04-06,19.78,61.47,1.1852,31.03,3.145,14.855
2021-04-07,19.285,61.86,1.189,30.75,3.015,14.985
2021-04-08,18.99,62.09,1.1904,30.5,5.13,12.87
2021-04-09,18.94,61.89,1.1897,30.35,7.92,10.08
2021-04-12,19.65,62.38,1.1907,30.06,4.82,13.18
2021-04-13,19.51,62.83,1.1939,29.76,4.73,13.27
2021-04-14,19.68,66.11,1.1974,29.49,5.18,12.82
2021-04-15,20.26,66.13,1.1964,29.25,5,13
2021-04-16,20.54,65.98,1.198,29.11,5.58,12.42
2021-04-19,20.94,66.54,1.2028,29.09,9.11,8.89
2021-04-20,21.065,65.34,1.2045,29.09,10.315,7.685
2021-04-21,21.11,64.02,1.2033,29.15,10.27,7.73
2021-04-22,21.37,65.07,1.2012,29.21,8.945,9.055
2021-04-23,20.045,65.75,1.2069,29.3,9.05,8.95
2021-04-26,20,65.5,1.2083,29.87,9.07,8.93
2021-04-27,21.405,66.25,1.2079,29.94,9.86,8.14
2021-04-28,21.555,67.08,1.2098,30.04,11.265,6.735
2021-04-29,22.5,68.26,1.211,30.13,10.04,7.96
2021-04-30,23.285,67.73,1.203,29.94,8.4,9.6
2021-05-03,23.815,67.73,1.2059,30.48,9.48,8.52
2021-05-04,23.05,68.91,1.2014,30.6,10.71,7.29
2021-05-05,23.96,69.71,1.2003,30.63,8.685,9.315
2021-05-06,24.33,68.62,1.2049,30.63,7.87,10.13
2021-05-07,23.94,68.73,1.2165,30.67,9.135,8.865
2021-05-10,25.19,68.61,1.217,31.73,15.57,2.43
2021-05-11,25.805,68.83,1.2169,32.04,12.875,5.125
2021-05-12,26.42,69.62,1.2074,32.32,12.66,5.34
2021-05-13,26.25,67.36,1.207,32.64,12.56,5.44
2021-05-14,26.83,69.24,1.2141,32.96,11.625,6.375
2021-05-17,26.31,69.62,1.2155,33.78,12.135,5.865
2021-05-18,24.81,69.01,1.2203,33.92,11.895,6.105
2021-05-19,22.665,66.88,1.2216,34.08,11.71,6.29
2021-05-20,24.685,65.18,1.2225,34.33,12.015,5.985
2021-05-21,24.795,66.72,1.2178,34.64,13.33,4.67
2021-05-24,24.76,68.59,1.221,35.69,12.415,5.585
2021-05-25,26.19,68.8,1.2233,35.92,10.97,7.03
2021-05-26,26.425,68.93,1.2204,36.11,11.35,6.65
2021-05-27,25.2,69.43,1.2194,36.27,12.31,5.69
2021-05-28,24.93,69.36,1.2194,36.52,13.82,4.18
2021-06-01,25.975,70.03,1.2241,37.95,17.88,0.12
2021-06-02,25.725,70.6,1.2213,38.37,19.435,0
2021-06-03,25.705,70.71,1.2122,38.77,20.445,0
2021-06-04,25.795,71.3,1.2173,39.16,18.94,0
2021-06-07,26.49,70.89,1.22,40.35,17.96,0.04
2021-06-08,27.8,71.39,1.218,40.66,18.96,0
2021-06-09,28.3,71.31,1.2184,40.88,19.645,0
2021-06-10,28.685,71.65,1.2173,41.17,20.03,0
2021-06-11,27.845,72.05,1.2101,41.49,20.635,0
2021-06-14,28.81,72.27,1.2126,42.74,21.065,0
2021-06-15,28.135,73.38,1.212,43.03,21.825,0
2021-06-16,28.03,73.88,1.2119,43.31,23.925,0
2021-06-17,28.31,72.92,1.1911,43.59,24.515,0
2021-06-18,29.405,73.1,1.1872,43.93,23.235,0
2021-06-21,29.615,74.49,1.1909,45.02,18.91,0
2021-06-22,30.735,74.92,1.191,45.22,16.575,1.425
2021-06-23,31.545,75.22,1.195,45.42,16.63,1.37
2021-06-24,32.015,75.95,1.1927,45.63,16.655,1.345
2021-06-25,32.385,76.45,1.194,45.89,17.59,0.41
2021-06-28,32.29,74.78,1.1938,46.95,20.565,0
2021-06-29,33.486,75.38,1.1905,47.24,18.37,0
2021-06-30,34.62,76.94,1.1848,47.51,16.27,1.73
2021-07-01,36.145,76.69,1.1857,47.8,16.71,1.29
2021-07-02,35.827,77.51,1.1848,48.06,18.69,0
2021-07-06,34.105,75.81,1.1816,49.55,18.295,0
2021-07-07,32.34,74.31,1.1803,49.78,18.445,0
2021-07-08,33.31,75.07,1.184,50,17.995,0.005
2021-07-09,36.632,77.14,1.1861,50.29,18.165,0
2021-07-12,34.65,76.77,1.1858,51.41,19,0
2021-07-13,35.465,77.5,1.1813,51.57,18.45,0
2021-07-14,34.775,75.74,1.1826,51.74,17.655,0.345
2021-07-15,33.795,74.53,1.1806,51.94,18.66,0
2021-07-16,34.84,74.46,1.181,52.23,18.65,0
2021-07-19,35.65,69.33,1.1804,53.05,21.54,0
2021-07-20,35.165,70.03,1.1776,53.24,20.805,0
2021-07-21,35.95,72.54,1.1799,53.41,20.875,0
2021-07-22,36.13,74.25,1.1771,53.58,21.155,0
2021-07-23,35.525,74.86,1.1761,53.92,20.925,0
2021-07-26,36.915,74.79,1.181,55.08,19.755,0
2021-07-27,37.59,74.87,1.1831,55.4,19.18,0
2021-07-28,39.7,75.09,1.1809,55.75,18.785,0
2021-07-29,41.154,76.3,1.1886,56.1,18.675,0
2021-07-30,40.755,77.72,1.1864,56.45,19.07,0
2021-08-02,42.155,73.91,1.1873,57.63,17.085,0.915
2021-08-03,41.245,73.24,1.1859,57.93,16.29,1.71
2021-08-04,42.255,70.99,1.1841,58.23,16.81,1.19
2021-08-05,42.9,72.14,1.1838,58.53,18.115,0
2021-08-06,43.12,71.02,1.1761,58.91,18.535,0
2021-08-09,42.785,69.65,1.1749,59.99,17.625,0.375
2021-08-10,44.655,71.14,1.1722,60.32,18.72,0
2021-08-11,45.985,71.99,1.1737,60.6,19.5,0
2021-08-12,45.87,71.79,1.1736,60.91,21.1,0
2021-08-13,44.63,70.9,1.1796,61.24,21.195,0
2021-08-16,47.99,70.07,1.1776,62.38,18.485,0
2021-08-17,46.95,69.4,1.1714,62.67,16.405,1.595
2021-08-18,45.385,68.61,1.1702,62.98,18.12,0
2021-08-19,40.395,66.8,1.1693,63.29,18.37,0
2021-08-20,41.944,65.51,1.169,63.63,19.225,0
2021-08-23,41.68,69.07,1.1732,64.7,18.215,0
2021-08-24,44.87,71.21,1.1746,65.04,17.55,0.45
2021-08-25,45.285,72.12,1.1758,65.35,17.77,0.23
2021-08-26,45.79,70.42,1.1761,65.67,17.21,0.79
2021-08-27,47.806,72.26,1.1794,66.02,16.07,1.93
2021-08-30,49.68,72.26,1.1795,67.11,17.285,0.715
2021-08-31,50.34,73.45,1.18,67.29,17.08,0.92
2021-09-01,50.23,71.99,1.185,67.72,16.89,1.11
2021-09-02,51.915,73.56,1.1858,67.93,17.31,0.69
2021-09-03,51.505,73.07,1.1884,68.16,18.1,0
2021-09-07,53.91,71.52,1.1849,69.3,20.87,0
2021-09-08,55.29,72.36,1.1818,69.51,21.15,0
2021-09-09,56.58,71.32,1.1827,69.72,20.53,0
2021-09-10,57.916,72.44,1.1821,69.93,19.5,0
2021-09-13,61.28,72.97,1.1809,70.68,17.93,0.07
2021-09-14,65.765,73.05,1.1824,70.82,19.18,0
2021-09-15,70.705,74.84,1.1811,70.93,18.935,0
2021-09-16,63.25,75.14,1.1764,71.05,17.195,0.805
2021-09-17,65.103,74.64,1.1734,71.26,16.515,1.485
2021-09-20,75.315,73.59,1.1729,72.04,14.905,3.095
2021-09-21,73.78,73.65,1.1724,72.2,14.255,3.745
2021-09-22,71.69,75.5,1.1739,72.36,14.345,3.655
2021-09-23,69.685,76.44,1.1735,72.57,15.435,2.565
2021-09-24,70.24,77.42,1.1715,72.81,16.76,1.24
2021-09-27,76.505,78.85,1.1702,74.08,16.71,1.29
2021-09-28,78.565,78.3,1.1681,74.29,14.38,3.62
2021-09-29,86.609,77.86,1.1612,74.54,13.245,4.755
2021-09-30,97.775,77.81,1.1577,74.71,12.075,5.925
2021-10-01,93.625,79.4,1.1598,74.93,13.525,4.475
2021-10-04,96.65,81.44,1.1622,75.65,13.575,4.425
2021-10-05,116.02,82.72,1.1609,75.87,13.47,4.53
2021-10-06,108.19,81.39,1.1546,75.99,12.26,5.74
2021-10-07,96.585,82.34,1.1561,76.04,12.955,5.045
2021-10-08,87.605,82.17,1.1572,76.15,12.96,5.04
2021-10-11,85.215,83.75,1.1572,76.98,10.41,7.59
2021-10-12,85.7,83.53,1.1541,77.03,10.68,7.32
2021-10-13,93.615,83.53,1.1568,76.97,9.735,8.265
2021-10-14,102.17,83.86,1.1591,76.96,10.685,7.315
2021-10-15,93.65,84.67,1.1594,76.95,10.655,7.345
2021-10-18,93.935,84.13,1.1609,77.12,10.49,7.51
2021-10-19,89.93,85.02,1.1632,77.18,14.325,3.675
2021-10-20,93.45,85.76,1.1643,77.31,15.215,2.785
2021-10-21,88.465,84.58,1.1643,77.32,11.485,6.515
2021-10-22,87.34,85.43,1.1632,77.26,8.705,9.295
2021-10-25,88.645,84.85,1.1609,77.13,9.23,8.77
2021-10-26,88.495,85.11,1.159,77.04,10.75,7.25
2021-10-27,86.82,84.12,1.16,77.07,11.805,6.195
2021-10-28,77.032,83.4,1.1685,77.03,10.22,7.78
2021-10-29,64.865,83.1,1.1552,77.01,10.57,7.43
2021-11-01,65.62,84.51,1.1591,77.12,10.29,7.71
2021-11-02,67.605,84.42,1.1581,76.86,7.635,10.365
2021-11-03,76.54,81.1,1.1584,76.55,7.01,10.99
2021-11-04,73.375,80.15,1.1546,76.29,6.97,11.03
2021-11-05,74.025,82.43,1.1554,76.05,6.64,11.36
2021-11-08,79.075,83.22,1.159,75.63,6.98,11.02
2021-11-09,72.585,84.52,1.1589,75.33,7.205,10.795
2021-11-10,70.125,82.91,1.1517,75.03,6.22,11.78
2021-11-11,74.79,83.4,1.1517,74.73,5.985,12.015
2021-11-12,75.675,82.9,1.1443,74.41,6.465,11.535
2021-11-15,79.945,81.94,1.1421,73.8,8.025,9.975
2021-11-16,94.19,82.85,1.1333,73.42,6.865,11.135
2021-11-17,95.005,80.67,1.1322,73.09,7.715,10.285
2021-11-18,95.165,82.45,1.1358,72.81,7.28,10.72
2021-11-19,87.125,80.24,1.1318,72.61,8.79,9.21
2021-11-22,84.015,80.97,1.126,71.86,5.305,12.695
2021-11-23,90.925,83.43,1.1265,71.38,3.67,14.33
2021-11-24,93.985,82.37,1.1196,70.82,3.77,14.23
2021-11-26,87.772,72.37,1.1302,69.78,3.78,14.22
2021-11-29,93.146,73.34,1.1261,68.34,1.775,16.225
2021-11-30,92.515,70.86,1.1287,67.79,5.68,12.32
2021-12-01,95.675,69.53,1.1323,67.22,7.285,10.715
2021-12-02,94.83,70.56,1.1306,66.64,3.22,14.78
2021-12-03,89.48,70.71,1.1308,66.06,2.315,15.685
2021-12-06,89.93,73.38,1.1282,64.51,2.34,15.66
2021-12-07,95.885,75.54,1.1247,63.9,3.625,14.375
2021-12-08,101.5,75.94,1.133,63.29,4.08,13.92
2021-12-09,100.445,74.1,1.1285,62.64,3.11,14.89
2021-12-10,105.775,74.98,1.1312,62.04,3.42,14.58
2021-12-13,116.085,74.12,1.1298,60.62,7.23,10.77
2021-12-14,128.3,73.37,1.1267,60.12,6.085,11.915
2021-12-15,132.285,73.71,1.1261,59.65,6.89,11.11
2021-12-16,142.765,74.64,1.1309,59.17,6.615,11.385
2021-12-17,136.915,72.97,1.1277,58.69,6.045,11.955
2021-12-20,146.925,70.51,1.1298,57.17,4.055,13.945
2021-12-21,180.265,72.85,1.1272,56.4,0.005,17.995
2021-12-22,172.875,74.69,1.1324,55.62,-1.68,19.68
2021-12-23,132.58,76.26,1.132,55.01,1.9,16.1
2021-12-27,106.895,76.26,1.1329,53.76,6.225,11.775
2021-12-28,106.59,76.26,1.1314,53.52,8.825,9.175
2021-12-29,96.475,78.63,1.1337,53.43,9.465,8.535
2021-12-30,87.027,78.61,1.1318,53.4,11.815,6.185
2021-12-31,70.345,77.24,1.1318,53.55,10.755,7.245
2022-01-03,80.435,78.25,1.129,53.64,9.185,8.815
2022-01-04,88.74,79.39,1.1296,53.39,7.05,10.95
2022-01-05,91.52,80.6,1.1335,53.01,3.84,14.16
2022-01-06,96.5,81.99,1.1307,52.62,2.415,15.585
2022-01-07,88.175,82.28,1.1358,52.1,2.955,15.045
2022-01-10,84.605,81.56,1.1328,50.51,1.545,16.455
2022-01-11,78.735,84.98,1.1363,49.78,2.14,15.86
2022-01-12,75.155,85.83,1.1431,49.04,1.795,16.205
2022-01-13,85.46,85.8,1.1464,48.33,1.49,16.51
2022-01-14,86.97,87.17,1.1414,47.62,0.675,17.325
2022-01-18,78.335,88.83,1.1336,45.23,3.6,14.4
2022-01-19,75.6,89.64,1.1346,44.61,3.435,14.565
2022-01-20,75.205,89.75,1.1336,43.96,3.14,14.86
2022-01-21,78.98,89.75,1.1346,43.27,2.08,15.92
2022-01-24,93,87.74,1.131,41.44,2.565,15.435
2022-01-25,93.58,89.49,1.1283,40.71,0.55,17.45
2022-01-26,91.835,91.22,1.1279,40.03,2.02,15.98
2022-01-27,92.3,90.7,1.1141,39.44,3.81,14.19
2022-01-28,92.062,91.47,1.116,38.88,4.765,13.235
2022-01-31,84.67,92.35,1.1212,37.63,5.02,12.98
2022-02-01,76.165,90.24,1.1239,37.19,6.165,11.835
2022-02-02,77.35,91.43,1.1299,36.75,8.43,9.57
2022-02-03,80.225,92.99,1.1425,36.34,6.95,11.05
2022-02-04,82.65,96.86,1.1455,36,6.505,11.495
2022-02-07,79.595,97.28,1.1434,35.14,5.59,12.41
2022-02-08,77.3,96.07,1.1416,34.77,7.2,10.8
2022-02-09,74.415,94.95,1.1435,34.43,7.6,10.4
2022-02-10,74.355,96.37,1.1487,34.01,6.135,11.865
2022-02-11,77.425,97.5,1.1404,33.59,4.04,13.96
2022-02-14,80.77,101.66,1.1306,32.63,7.185,10.815
2022-02-15,70.92,98.43,1.1363,32.27,5.8,12.2
2022-02-16,69.795,97.44,1.1381,31.97,9.445,8.555
2022-02-17,74.915,95.28,1.1364,31.74,9.67,8.33
2022-02-18,73.76,96.18,1.1327,31.5,8.635,9.365
2022-02-22,79.79,98.73,1.1342,30.45,7.72,10.28
2022-02-23,88.89,99.29,1.1316,30.18,6.885,11.115
2022-02-24,134.315,101.29,1.1154,29.93,6.82,11.18
2022-02-25,94.422,98.56,1.1261,29.68,4.73,13.27
2022-02-28,98.595,103.08,1.1224,29.01,4.13,13.87
2022-03-01,121.675,110.93,1.1103,28.66,4.505,13.495
2022-03-02,165.545,118.94,1.1102,28.33,4.375,13.625
2022-03-03,160.825,115.36,1.1053,28.03,5.24,12.76
2022-03-04,192.55,123.86,1.0912,27.76,4.92,13.08
2022-03-07,227.2,129.02,1.086,26.99,2.225,15.775
2022-03-08,214.555,133.18,1.0881,26.67,3.51,14.49
2022-03-09,155.88,116.58,1.1069,26.43,5.3,12.7
2022-03-10,126.4,114.54,1.1007,26.34,7.325,10.675
2022-03-11,131.23,118.11,1.0937,26.24,7.695,10.305
2022-03-14,114.52,110.39,1.0979,26.06,7.95,10.05
2022-03-15,115.44,105.14,1.0974,25.9,7.57,10.43
2022-03-16,102.625,104.61,1.0996,25.8,8.94,9.06
2022-03-17,105.09,113.5,1.111,25.71,8.405,9.595
2022-03-18,105.045,114.32,1.1044,25.65,7.925,10.075
2022-03-21,96.302,122.29,1.1048,25.7,8.38,9.62
2022-03-22,98.745,121.53,1.1022,25.7,9.285,8.715
2022-03-23,117,127.52,1.1001,25.74,9.3,8.7
2022-03-24,111.61,123.98,1.1006,25.87,9.82,8.18
2022-03-25,101.27,122.67,1.0985,25.99,9.975,8.025
2022-03-28,102.545,114.5,1.0977,26.55,10.965,7.035
2022-03-29,108.38,112.79,1.1104,26.65,10.485,7.515
2022-03-30,118.97,115.59,1.1163,26.67,8.735,9.265
2022-03-31,125.905,107.29,1.1093,26.37,5.525,12.475
2022-04-01,112.15,106.13,1.1043,26.54,3.415,14.585
2022-04-04,109.525,108.15,1.0992,26.36,5.345,12.655
2022-04-05,108.565,106.6,1.0921,26.31,9.295,8.705
2022-04-06,106.79,100.81,1.0913,26.44,10.265,7.735
2022-04-07,104.565,99.83,1.09,26.58,10.435,7.565
2022-04-08,103.88,101.26,1.0874,26.76,7.005,10.995
2022-04-11,100.135,97.92,1.0875,27.28,9.23,8.77
2022-04-12,102.22,104.42,1.0852,27.5,12.84,5.16
2022-04-13,105.325,108.49,1.0874,27.77,13.635,4.365
2022-04-14,95.62,110.83,1.0796,28.08,13.6,4.4
2022-04-18,95.62,110.83,1.0785,29.76,11.335,6.665
2022-04-19,93.77,105.49,1.0789,30.05,11.59,6.41
2022-04-20,94.23,105.05,1.0857,30.3,11.415,6.585
2022-04-21,100.06,107.2,1.0839,30.54,11.82,6.18
2022-04-22,94.875,105.15,1.079,30.87,12.66,5.34
2022-04-25,92.835,99.27,1.0703,31.97,10.775,7.225
2022-04-26,103.21,102.89,1.0661,32.17,9.965,8.035
2022-04-27,107.425,103.3,1.0549,32.5,10.82,7.18
2022-04-28,100.142,105.78,1.05,32.77,12.2,5.8
2022-04-29,99.45,108.36,1.0537,33.07,12.355,5.645
2022-05-02,97.05,108.36,1.0521,34.25,12.94,5.06
2022-05-03,99.425,104.94,1.0532,34.66,13.73,4.27
2022-05-04,103.82,110.53,1.0539,35.05,13.165,4.835
2022-05-05,106.51,112.11,1.0507,35.46,13.63,4.37
2022-05-06,101.71,113.86,1.0572,35.88,14.64,3.36
2022-05-09,93.785,106.67,1.0559,37.35,16.355,1.645
2022-05-10,98.8,102.61,1.0531,37.77,18.34,0
2022-05-11,94.01,107.7,1.0537,38.22,18.71,0
2022-05-12,106.7,108.06,1.0376,38.65,17.115,0.885
2022-05-13,96.88,112.12,1.041,39.2,15.94,2.06
2022-05-16,92.86,114.86,1.042,40.77,19.08,0
2022-05-17,94.175,112.89,1.0532,41.17,19.72,0
2022-05-18,94.54,110.04,1.0494,41.57,20.705,0
2022-05-19,91.025,113.22,1.0587,42.01,20.425,0
2022-05-20,87.9,113.63,1.0559,42.48,17.94,0.06
2022-05-23,83.29,115.13,1.0668,43.98,17.545,0.455
2022-05-24,84.505,115.77,1.0744,44.41,15.24,2.76
2022-05-25,88.08,116.41,1.0658,44.86,15.1,2.9
2022-05-26,85.97,119.81,1.0725,45.35,16.965,1.035
2022-05-27,86.875,121.19,1.0709,45.83,16.505,1.495
2022-05-31,94.005,125.53,1.0731,47.4,14.38,3.62
2022-06-01,85.55,122.2,1.0646,47.75,14.855,3.145
2022-06-02,83.945,122.2,1.0733,48.16,16.085,1.915
2022-06-03,83.1,125.68,1.0721,48.58,18.56,0
2022-06-06,82.56,124.99,1.0699,50.05,17.08,0.92
2022-06-07,79.61,126.89,1.0697,50.39,17.14,0.86
2022-06-08,79.405,129.2,1.074,50.66,16.925,1.075
2022-06-09,84.88,128.47,1.0656,50.89,16.32,1.68
2022-06-10,82.465,127.44,1.0521,51.13,18.35,0
2022-06-13,83.4,128.44,1.0436,52.6,17.68,0.32
2022-06-14,97.04,127.02,1.0416,52.93,18.365,0
2022-06-15,120.33,124.96,1.0388,53.26,21.215,0
2022-06-16,124.365,125.78,1.0531,53.6,22,0
2022-06-17,117.74,119.22,1.0473,53.92,23.49,0
2022-06-21,125.56,118.51,1.0548,55.27,18.555,0
2022-06-22,127.17,115.54,1.0583,55.55,20.355,0
2022-06-23,133.345,114.5,1.0503,55.82,21.94,0
2022-06-24,128.505,117.36,1.0539,56.14,20.29,0
2022-06-27,129.46,119.69,1.0601,57.3,18.74,0
2022-06-28,129.175,122.21,1.0534,57.61,18.695,0
2022-06-29,139.588,120.8,1.0477,57.91,20.23,0
2022-06-30,144.515,119.78,1.0469,58.19,19.775,0
2022-07-01,147.785,119.21,1.0409,58.55,17.02,0.98
2022-07-05,165.075,110.49,1.0254,60.16,19.395,0
2022-07-06,171,108.54,1.0173,60.52,19.135,0
2022-07-07,183.185,113.4,1.0159,60.87,19.05,0
2022-07-08,175.21,113.95,1.0178,61.22,19.355,0
2022-07-11,164.52,114.85,1.0088,62.41,21.505,0
2022-07-12,172.61,106.98,1.0069,62.67,22.765,0
2022-07-13,180.505,107.17,1.0081,62.95,24.67,0
2022-07-14,175.035,107.74,1.0028,63.26,22.515,0
2022-07-15,159.565,112.26,1.0089,63.59,20.31,0
2022-07-18,157.26,117.27,1.016,64.72,25.73,0
2022-07-19,154.455,114.96,1.0238,64.97,28.57,0
2022-07-20,155.04,115.86,1.0217,65.22,25.195,0
2022-07-21,155.6,112.81,1.0197,65.5,22.17,0
2022-07-22,159.865,106.77,1.0225,65.84,21.23,0
2022-07-25,176.615,108.23,1.0211,67.12,23.67,0
2022-07-26,199.92,107.32,1.0116,67.48,20.545,0
2022-07-27,205.225,109.64,1.0108,67.83,19.38,0
2022-07-28,198.93,109.68,1.0163,68.18,20.365,0
2022-07-29,190.915,111.51,1.0202,68.51,21.405,0
2022-08-01,200.795,106.09,1.027,70.16,22.325,0
2022-08-02,205.175,106.51,1.0194,70.55,22.915,0
2022-08-03,199.195,101.82,1.0146,70.91,25.035,0
2022-08-04,199.25,97.99,1.0221,71.2,25.055,0
2022-08-05,196.32,100.31,1.017,71.1,21.745,0
2022-08-08,193.055,103.46,1.0207,72.4,21.57,0
2022-08-09,192.185,103.81,1.0226,72.79,22.91,0
2022-08-10,205.365,105.06,1.0337,73.2,24.025,0
2022-08-11,208.11,107.19,1.0338,73.57,24.46,0
2022-08-12,206.11,103.7,1.0257,73.94,24.8,0
2022-08-15,220.11,98.25,1.0186,75.21,22.605,0
2022-08-16,225.915,95.36,1.0174,75.57,21.635,0
2022-08-17,225.835,97.22,1.0164,75.89,21.13,0
2022-08-18,241.005,96.35,1.0114,76.19,20.915,0
2022-08-19,244.55,96.45,1.0039,76.57,21.29,0
2022-08-22,276.75,95.06,0.9936,77.76,21.195,0
2022-08-23,269.05,99.49,0.9976,78.07,22.75,0
2022-08-24,292.15,99.87,0.9967,78.36,23.855,0
2022-08-25,321.415,98.81,0.9959,78.7,23.32,0
2022-08-26,339.195,101.13,0.9998,79.02,21.655,0
2022-08-29,272.605,101.13,1,80.08,19.515,0
2022-08-30,252.937,99.34,1.0018,80.35,20.28,0
2022-08-31,239.905,96.55,1.0065,80.47,20.075,0
2022-09-01,243.005,92.24,0.995,80.75,20.11,0
2022-09-02,214.665,93.09,1.003,81.05,19.56,0
2022-09-06,239.84,91.43,0.9914,82.46,20.88,0
2022-09-07,213.885,86.83,0.9942,82.69,19.44,0
2022-09-08,220.54,87.99,0.9956,82.99,17.95,0.05
2022-09-09,207.09,91.68,1.0046,83.29,16.72,1.28
2022-09-12,190.59,93.45,1.0129,84.24,18.37,0
2022-09-13,198.61,92.04,0.9997,84.49,18.3,0
2022-09-14,217.88,92.83,0.9993,84.72,18.345,0
2022-09-15,214.285,89.28,0.9991,84.97,17.155,0.845
2022-09-16,187.795,89.43,1.0013,85.3,14.555,3.445
2022-09-19,182.26,89.43,1.0003,86.25,13.205,4.795
2022-09-20,194.26,89.62,0.9994,86.47,12.775,5.225
2022-09-21,189.78,89.86,0.988,86.68,12.78,5.22
2022-09-22,187.47,90.4,0.9841,86.9,12.68,5.32
2022-09-23,185.495,84.29,0.9719,87.13,13.45,4.55
2022-09-26,173.835,82.55,0.9623,87.98,11.995,6.005
2022-09-27,186.1,85.97,0.9616,88.18,11.27,6.73
2022-09-28,207.185,89.55,0.9681,88.26,10.805,7.195
2022-09-29,187.665,89.41,0.9774,88.53,10.28,7.72
2022-09-30,188.8,88.9,0.9783,88.73,10.88,7.12
2022-10-03,169.91,90.68,0.9809,89.66,12.58,5.42
2022-10-04,161.95,93.74,0.9977,89.88,12.96,5.04
2022-10-05,173.695,94.35,0.9866,90.12,15.255,2.745
2022-10-06,175.71,95.65,0.9806,90.38,14.115,3.885
2022-10-07,156.205,98.88,0.9785,90.55,12.91,5.09
2022-10-10,154.12,97.13,0.9785,91.38,12.695,5.305
2022-10-11,156.78,95.17,0.9757,91.52,11.44,6.56
2022-10-12,160.19,93.44,0.9692,91.65,11.18,6.82
2022-10-13,153.81,95.16,0.978,91.76,12.595,5.405
2022-10-14,141.995,92.22,0.9739,91.87,13.58,4.42
2022-10-17,127.98,91.04,0.9843,92.65,16.435,1.565
2022-10-18,113.22,89.46,0.9842,92.81,14.88,3.12
2022-10-19,112.51,91.34,0.978,92.94,14.045,3.955
2022-10-20,127.145,91.52,0.9823,93.09,13.915,4.085
2022-10-21,113.575,91.82,0.9855,93.21,15.27,2.73
2022-10-24,99.17,91.57,0.98740000000000006,93.83,15.305,2.695
2022-10-25,99.795,91.76,0.9959,93.87,14.145,3.855
2022-10-26,104.32,92.93,1.0068,93.96,15.515,2.485
2022-10-27,107.385,94.17,0.9985,94.1,15.525,2.475
2022-10-28,112.244,94.64,0.9934,94.27,16.535,1.465
2022-10-31,123.35,93.3,0.9885,94.79,13.78,4.22
2022-11-01,116.195,95.12,0.9871,94.96,13.555,4.445
2022-11-02,125.865,96.07,0.9875,95.05,11.77,6.23
2022-11-03,125.445,95.29,0.9759,95.06,11.375,6.625
2022-11-04,114.785,99.53,0.9895,95.1,9.745,8.255
2022-11-07,109.685,99.87,0.9997,95.29,11.88,6.12
2022-11-08,118.145,96.85,1.0089,95.34,12.215,5.785
2022-11-09,113.145,93.05,1.0037,95.4,12.01,5.99
2022-11-10,113.45,94.25,1.0176,95.46,10.72,7.28
2022-11-11,97.855,96.37,1.0176,95.51,9.44,8.56
2022-11-14,113.705,93.59,1.0337,95.62,8.21,9.79
2022-11-15,124.105,94.3,1.0372,95.5,10.145,7.855
2022-11-16,113.9,92.61,1.0395,95.44,10.015,7.985
2022-11-17,112.555,91,1.0341,95.38,10.03,7.97
2022-11-18,115.51,88.93,1.0349,95.27,8.525,9.475
2022-11-21,116.13,88.44,1.0238,94.86,6.03,11.97
2022-11-22,119.64,88.65,1.0276,94.63,6.805,11.195
2022-11-23,129.62,85.9,1.0364,94.42,7.495,10.505
2022-11-25,124.37,83.4,1.0402,94.07,7.485,10.515
2022-11-28,123.28,83.5,1.0386,93.65,6.705,11.295
2022-11-29,132.286,83.22,1.0356,93.24,6.195,11.805
2022-11-30,146.395,85.61,1.0323,92.83,6.23,11.77
2022-12-01,139.26,86.28,1.0498,92.36,4.585,13.415
2022-12-02,135.56,86.54,1.0521,91.9,3.5,14.5
2022-12-05,134.7,83.36,1.0494,90.89,4.275,13.725
2022-12-06,138.49,79.92,1.0497,90.44,3.765,14.235
2022-12-07,149.245,77.11,1.0505,89.96,2.395,15.605
2022-12-08,138.895,76.02,1.0552,89.45,1.425,16.575
2022-12-09,139.115,76.37,1.055,88.96,-0.35,18.35
2022-12-12,136.59,78,1.0545,87.36,-1.16,19.16
2022-12-13,137.53,80.14,1.063,86.59,-2.655,20.655
2022-12-14,131.51,83.33,1.0655,85.88,-2.02,20.02
2022-12-15,134.765,82.34,1.0638,85.21,-2.915,20.915
2022-12-16,115.45,80.2,1.061,84.63,-2.03,20.03
2022-12-19,108.545,81.66,1.0624,83.48,5.075,12.925
2022-12-20,105.69,79.45,1.0635,83.21,7.1,10.9
2022-12-21,97.75,80.25,1.0599,83.06,7.37,10.63
2022-12-22,91.94,79.58,1.0588,82.97,8.81,9.19
2022-12-23,82.975,82.45,1.0621,82.93,9.545,8.455
2022-12-27,80.045,82.45,1.0654,83.21,5.18,12.82
2022-12-28,81.35,81.7,1.0622,83.21,8.23,9.77
2022-12-29,83.83,80.96,1.0668,83.24,9.205,8.795
2022-12-30,76.315,82.82,1.0698,83.29,8.375,9.625
2023-01-03,72.315,80.36,1.0559,83.44,6.96,11.04
2023-01-04,65.02,75.31,1.062,83.37,9.88,8.12
2023-01-05,72.42,76.73,1.0522,83.24,10.475,7.525
2023-01-06,69.535,76.41,1.0619,83.19,9.81,8.19
2023-01-09,74.3,77.5,1.0759,82.86,6.69,11.31
2023-01-10,70.07,78.4,1.0737,82.62,6.33,11.67
2023-01-11,65.345,81.11,1.074,82.36,8.34,9.66
2023-01-12,66.81,82.59,1.0823,82.15,8.925,9.075
2023-01-13,64.81,83.43,1.0811,81.91,7.965,10.035
2023-01-17,60.06,84.38,1.0793,80.62,1.11,16.89
2023-01-18,61.71,83.78,1.0827,80.06,0.46,17.54
2023-01-19,60.715,85.08,1.081,79.47,0.42,17.58
2023-01-20,66.9,86.96,1.0831,78.85,0.505,17.495
2023-01-23,66,87.54,1.0865,77.01,1.165,16.835
2023-01-24,58.27,85.25,1.0873,76.29,2.025,15.975
2023-01-25,56.66,85.08,1.0901,75.61,1.295,16.705
2023-01-26,54.815,86.29,1.0866,74.96,2.175,15.825
2023-01-27,55.425,85.36,1.0857,74.26,3.115,14.885
2023-01-30,55.156,84.9,1.0867,72.58,4.525,13.475
2023-01-31,57.35,83.42,1.0858,72.1,4.22,13.78
2023-02-01,59.525,81.61,1.0917,71.62,6.34,11.66
2023-02-02,57.04,80.57,1.0918,71.17,7.395,10.605
2023-02-03,57.89,78.85,1.0825,70.79,8.445,9.555
2023-02-06,58.11,80.48,1.0722,69.51,2.99,15.01
2023-02-07,55.405,82.92,1.0705,68.86,0.525,17.475
2023-02-08,53.685,84.17,1.0734,68.21,-0.525,18.525
2023-02-09,52.735,83.46,1.0761,67.53,-0.185,18.185
2023-02-10,53.945,85.46,1.067,66.95,1.8,16.2
2023-02-13,51.705,85.98,1.0718,65.71,4.98,13.02
2023-02-14,52.385,84.96,1.0722,65.27,3.345,14.655
2023-02-15,54.715,84.11,1.0683,64.85,3.585,14.415
2023-02-16,52.01,83.84,1.0684,64.51,6.065,11.935
2023-02-17,49.045,81.97,1.0678,64.26,10.34,7.66
2023-02-21,48.54,82.14,1.0657,63.48,7.515,10.485
2023-02-22,50.57,79.55,1.0623,63.19,6.845,11.155
2023-02-23,50.78,82.08,1.0583,62.92,7.785,10.215
2023-02-24,51.015,82.31,1.0545,62.64,6.175,11.825
2023-02-27,47.299,81.24,1.0596,61.55,2.015,15.985
2023-02-28,46.665,83.21,1.0602,61.03,2.155,15.845
2023-03-01,47.085,83.68,1.0674,60.6,2.66,15.34
2023-03-02,46.815,84.15,1.0595,60.12,3.795,14.205
2023-03-03,44.98,85.74,1.0616,59.68,3.58,14.42
2023-03-06,42.15,85.86,1.0694,58.52,4.275,13.725
2023-03-07,43.37,83.03,1.0573,58.01,4.7,13.3
2023-03-08,42.34,82.1,1.0549,57.51,4.44,13.56
2023-03-09,43.6,81,1.0577,57.14,8.49,9.51
2023-03-10,52.855,82.3,1.0659,56.84,7.2,10.8
2023-03-13,49.585,79.67,1.0733,56.36,11.96,6.04
2023-03-14,44.185,76.77,1.0722,56.2,8.235,9.765
2023-03-15,42.905,74.3,1.0535,55.94,5.025,12.975
2023-03-16,44.34,73.12,1.0622,55.74,7.315,10.685
2023-03-17,42.855,71.03,1.0647,55.65,9.82,8.18
2023-03-20,39.325,72.42,1.0722,55.61,8.665,9.335
2023-03-21,42.4,74.78,1.0769,55.57,9.855,8.145
2023-03-22,39.975,76.08,1.0792,55.6,11.07,6.93
2023-03-23,43.185,74.31,1.089,55.66,12.18,5.82
2023-03-24,41.095,73.63,1.0762,55.79,11.77,6.23
2023-03-27,42.53,76.8,1.0789,55.86,5.775,12.225
2023-03-28,42.75,78.07,1.0844,55.65,5.685,12.315
2023-03-29,42.805,77.51,1.0826,55.57,10.6,7.4
2023-03-30,43.609,78.45,1.0899,55.61,12.635,5.365
2023-03-31,47.845,79.19,1.0872,55.8,11.085,6.915
2023-04-03,51.365,85.81,1.0891,55.81,5.87,12.13
2023-04-04,46.57,85.7,1.0951,55.69,4.755,13.245
2023-04-05,44.575,85.89,1.0918,55.56,5.18,12.82
2023-04-06,43.125,86.56,1.0927,55.48,7.55,10.45
2023-04-10,43.125,86.56,1.084,55.92,10.79,7.21
2023-04-11,43.69,87.32,1.0906,56.05,10.25,7.75
2023-04-12,42.88,88.31,1.0987,56.13,9.44,8.56
2023-04-13,42.095,86.51,1.1054,56.21,8.135,9.865
2023-04-14,41.15,87.31,1.098,56.21,7.855,10.145
2023-04-17,41.125,85.63,1.0915,56.65,10.03,7.97
2023-04-18,42.72,85.48,1.0958,56.79,10.12,7.88
2023-04-19,40.3,85.34,1.0953,56.95,11.03,6.97
2023-04-20,40.565,83.29,1.097,57.1,8.58,9.42
2023-04-21,40.165,83.36,1.0973,57.26,9.47,8.53
2023-04-24,39.925,84.23,1.1027,58.22,10.275,7.725
2023-04-25,39.835,82.13,1.0968,58.45,8.285,9.715
2023-04-26,38.55,79.19,1.1052,58.54,7.72,10.28
2023-04-27,39.039,80.11,1.1017,58.72,10.05,7.95
2023-04-28,38.54,81.32,1.104,58.95,13.45,4.55
2023-05-01,38.835,81.32,1.097,60.05,12.58,5.42
2023-05-02,37.53,76.71,1.0997,60.27,11.9,6.1
2023-05-03,36.78,72.91,1.1049,60.5,10.99,7.01
2023-05-04,35.655,73,1.1009,60.7,14.245,3.755
2023-05-05,36.575,75.85,1.1026,61,15.22,2.78
2023-05-08,36.875,75.85,1.102,62,14.42,3.58
2023-05-09,35.95,77.76,1.0953,62.21,14.64,3.36
2023-05-10,34.995,76.7,1.0966,62.43,13.265,4.735
2023-05-11,34.995,75.32,1.0916,62.64,12.475,5.525
2023-05-12,32.765,74.54,1.0856,62.91,12.89,5.11
2023-05-15,32.315,75.46,1.0874,63.9,12.965,5.035
2023-05-16,31.82,75.15,1.0866,64.25,11.45,6.55
2023-05-17,31.955,76.98,1.083,64.53,11.345,6.655
2023-05-18,29.785,75.75,1.0776,64.82,11.88,6.12
2023-05-19,30.175,75.42,1.0819,65.04,13.06,4.94
2023-05-22,29.71,75.77,1.0806,66.16,17.285,0.715
2023-05-23,29.125,76.66,1.0771,66.42,15.18,2.82
2023-05-24,27.785,77.99,1.0758,66.64,13.135,4.865
2023-05-25,25.45,75.66,1.0725,66.89,14.22,3.78
2023-05-26,24.52,76.33,1.0713,67.21,14.96,3.04
2023-05-30,24.681,73.38,1.0722,68.56,15.79,2.21
2023-05-31,26.85,71.98,1.0654,68.83,17.55,0.45
2023-06-01,23.105,74.18,1.0752,69.05,17.68,0.32
2023-06-02,23.69,76,1.0724,69.43,15.305,2.695
2023-06-05,28.48,76.61,1.0721,70.36,17.6,0.4
2023-06-06,24.86,76.22,1.0695,70.56,17.75,0.25
2023-06-07,26.33,76.85,1.0702,70.75,18.185,0
2023-06-08,26.945,75.88,1.078,71.02,18.87,0
2023-06-09,32.05,74.74,1.0749,71.33,20.955,0
2023-06-12,31.035,71.8,1.0747,72.37,22.14,0
2023-06-13,36.05,74.24,1.0792,72.67,21.23,0
2023-06-14,38.31,73.39,1.0859,72.94,20.32,0
2023-06-15,41.145,75.75,1.0933,73.19,20.51,0
2023-06-16,35.01,76.76,1.0925,73.47,20.645,0
2023-06-20,38.71,75.79,1.09,74.73,22.42,0
2023-06-21,36.745,76.92,1.0951,74.83,22.03,0
2023-06-22,34.095,73.93,1.0953,74.98,22.14,0
2023-06-23,32.507,73.56,1.0887,75.22,21.41,0
2023-06-26,31.975,73.86,1.091,76.21,21.59,0
2023-06-27,34.505,71.88,1.0961,76.42,19.975,0
2023-06-28,34.125,73.64,1.0904,76.62,20.475,0
2023-06-29,35.18,73.86,1.0881,76.82,20.835,0
2023-06-30,37.103,74.51,1.092,77.08,18.755,0
2023-07-03,33.93,74.52,1.0919,77.9,18.565,0
2023-07-05,34.375,76.74,1.0868,78.39,17.505,0.495
2023-07-06,32.35,76.72,1.0873,78.64,18.24,0
2023-07-07,33.478,78.77,1.0964,78.93,21.69,0
2023-07-10,30.225,77.83,1.0991,79.91,22.865,0
2023-07-11,29.06,79.54,1.0992,80.14,23.935,0
2023-07-12,26.64,80.35,1.1123,80.31,21.22,0
2023-07-13,26.605,81.31,1.1194,80.55,19.905,0
2023-07-14,25.957,79.9,1.1237,80.83,20.655,0
2023-07-17,25.1,77.8,1.1236,81.88,20.01,0
2023-07-18,27.07,79.54,1.1223,82.11,20.575,0
2023-07-19,26.965,79.38,1.1195,82.33,20.85,0
2023-07-20,28.02,79.62,1.1135,82.54,19.76,0
2023-07-21,28.164,81.06,1.112,82.8,18.32,0
2023-07-24,30.555,82.53,1.1083,83.77,19.175,0
2023-07-25,32.65,83.46,1.105,84.02,16.835,1.165
2023-07-26,29.275,82.98,1.1078,84.29,16.835,1.165
2023-07-27,28.435,84.28,1.0998000000000001,84.55,18.015,0
2023-07-28,25.841,84.49,1.1039,84.8,19.475,0
2023-07-31,28.365,85.22,1.102,85.86,19.135,0
2023-08-01,27.125,85.34,1.0971,85.75,18.62,0
2023-08-02,28.74,84.01,1.0939,86.03,18.58,0
2023-08-03,30.475,86.19,1.0947,86.29,17.955,0.045
2023-08-04,28.853,87.38,1.1036,86.51,17.1,0.9
2023-08-07,30.485,86.47,1.1,87.44,15.965,2.035
2023-08-08,31.065,88,1.0951,87.73,16.6,1.4
2023-08-09,39.825,89.31,1.0975,88.01,17.995,0.005
2023-08-10,37.055,87.44,1.1016,88.28,19.155,0
2023-08-11,35.3,87.93,1.0957,88.57,21.07,0
2023-08-14,34.435,87.4,1.0922,89.59,21.305,0
2023-08-15,38.815,86.28,1.0928,89.73,21.135,0
2023-08-16,37.785,84.49,1.0904,90,20.595,0
2023-08-17,36.825,85.24,1.0874,90.29,20.78,0
2023-08-18,36.41,85.92,1.0875,90.59,22.705,0
2023-08-21,40.78,85.44,1.0888,91.41,22.605,0
2023-08-22,42.91,84.7,1.0846,91.48,22.365,0
2023-08-23,36.785,83.94,1.0862,91.71,22.46,0
2023-08-24,31.94,84.07,1.0826,91.82,22.51,0
2023-08-25,34.775,85.42,1.0787,91.97,21.005,0
2023-08-28,38.415,85.42,1.081,92.5,15.74,2.26
2023-08-29,35.195,86.37,1.0851,92.55,16.15,1.85
2023-08-30,35.992,86.62,1.0926,92.65,16.06,1.94
2023-08-31,35.03,87.29,1.0839,92.8,15.45,2.55
2023-09-01,35.617,89.98,1.0787,92.73,17.87,0.13
2023-09-05,34.45,91.25,1.0727,93.15,21.53,0
2023-09-06,31.075,91.79,1.0714,93.2,21.745,0
2023-09-07,32.755,91.16,1.0704,93.25,21.88,0
2023-09-08,34.51,91.85,1.0709,93.31,22.605,0
2023-09-11,35.85,91.97,1.0744,93.57,21.95,0
2023-09-12,34.7,93.58,1.0726,93.57,20.625,0
2023-09-13,36.815,93.04,1.0737,93.58,18.615,0
2023-09-14,35.52,95.2,1.066,93.59,17.15,0.85
2023-09-15,36.485,95.55,1.0673,93.65,17.84,0.16
2023-09-18,34.475,95.95,1.0695,93.96,19.17,0
2023-09-19,36.78,96.11,1.0684,94.06,17.5,0.5
2023-09-20,37.285,94.56,1.0715,94.11,18.855,0
2023-09-21,39.105,93.7,1.0664,94.2,17.185,0.815
2023-09-22,39.791,93.99,1.066,94.32,14.535,3.465
2023-09-25,44.44,94.01,1.0591,94.8,15.78,2.22
2023-09-26,40.32,94.46,1.0573,94.9,16.635,1.365
2023-09-27,39.295,97.1,1.051,95.03,17.72,0.28
2023-09-28,39.736,96.64,1.0578,95.15,18.29,0
2023-09-29,41.859,95.86,1.0584,95.28,18.345,0
2023-10-02,39.335,91.21,1.05,96.02,18.14,0
2023-10-03,36.985,94.46,1.0453,96.2,17.1,0.9
2023-10-04,38.44,89.83,1.0518,96.34,14.25,3.75
2023-10-05,36.205,88.28,1.0527,96.41,14.11,3.89
2023-10-06,38.231,87.86,1.0596,96.56,14.66,3.34
2023-10-09,43.955,91.37,1.0596,96.96,16.74,1.26
2023-10-10,49.455,90.7,1.0618,97.04,16.805,1.195
2023-10-11,46.07,87.58,1.062,97.19,17.84,0.16
2023-10-12,53,88.4,1.0553,97.33,16.685,1.315
2023-10-13,53.982,94.33,1.0502,97.54,18.945,0
2023-10-16,48.465,90.99,1.0546,97.94,7.85,10.15
2023-10-17,48.895,92.52,1.0593,97.95,9.38,8.62
2023-10-18,50.835,91.99,1.0532,97.97,11.265,6.735
2023-10-19,50.17,93.12,1.057,98.02,14.795,3.205
2023-10-20,51.112,93.72,1.0592,98.11,14.04,3.96
2023-10-23,51.275,91.88,1.0646,98.47,11,7
2023-10-24,49.265,88,1.0595,98.53,11.73,6.27
2023-10-25,49.925,90.14,1.0583,98.83,11.055,6.945
2023-10-26,50.81,88.45,1.0532,98.61,11.45,6.55
2023-10-27,50.53,90.73,1.0592,98.66,11.19,6.81
2023-10-30,50.547,90.73,1.062,99.1,12.1,5.9
2023-10-31,48.005,86.82,1.0568,99.19,11.18,6.82
2023-11-01,47.755,86.92,1.0538,99.29,11.95,6.05
2023-11-02,48.565,89.02,1.0618,99.37,11.165,6.835
2023-11-03,48.057,87.55,1.0733,99.38,9.075,8.925
2023-11-06,44.83,87.31,1.0747,99.5,9.655,8.345
2023-11-07,46.055,83.43,1.0687,99.48,8.725,9.275
2023-11-08,45.775,81.46,1.0715,99.44,8.9,9.1
2023-11-09,48.13,81.74,1.071,99.4,8.745,9.255
2023-11-10,46.63,83.66,1.071,99.35,7.875,10.125
2023-11-13,47.875,84.09,1.07,99.29,10.815,7.185
2023-11-14,47.61,84.2,1.0861,99.27,11.065,6.935
2023-11-15,47.035,82.4,1.0853,99.23,10.01,7.99
2023-11-16,45.85,77.73,1.0851,99.07,7.255,10.745
2023-11-17,45.064,81.22,1.0879,98.91,6.72,11.28
2023-11-20,45.82,83.25,1.0945,98.75,10.06,7.94
2023-11-21,44.065,82.42,1.0923,98.56,9.01,8.99
2023-11-22,44.615,81.76,1.0871,98.27,5.04,12.96
2023-11-24,46.655,79.82,1.0934,97.79,7.41,10.59
2023-11-27,43.985,79.49,1.0937,96.86,4.67,13.33
2023-11-28,42.775,81.66,1.1007,96.37,2.91,15.09
2023-11-29,40.36,82.98,1.0969,95.78,1.985,16.015
2023-11-30,42.09,81.72,1.0908,95.21,1.49,16.51
2023-12-01,43.496,78.72,1.0878,94.68,0.9,17.1
2023-12-04,40.105,78.16,1.0824,93.17,2.34,15.66
2023-12-05,38.135,77.27,1.0787,92.6,4.075,13.925
2023-12-06,39.315,74.33,1.079,92.01,2.77,15.23
2023-12-07,39.97,74.21,1.0794,91.48,2.52,15.48
2023-12-08,38.6,75.94,1.0746,91.06,4.555,13.445
2023-12-11,36.12,75.75,1.0747,90.29,8.905,9.095
2023-12-12,34.705,74.11,1.079,89.95,7.98,10.02
2023-12-13,35.81,74.14,1.0793,89.6,7.265,10.735
2023-12-14,34.85,77.05,1.0997,89.22,5.37,12.63
2023-12-15,33.19,76.84,1.0906,88.89,5.035,12.965
2023-12-18,35.52,78.89,1.092,88.2,4.625,13.375
2023-12-19,32.57,79.82,1.0977,87.82,5.89,12.11
2023-12-20,33.52,81.1,1.0957,87.5,6.555,11.445
2023-12-21,34.205,80.73,1.099,87.25,9.15,8.85
2023-12-22,34.174,80.23,1.1008,87.08,8.67,9.33
2023-12-26,34.175,80.23,1.1035,86.83,8.67,9.33
2023-12-27,35.515,80.97,1.1114,86.69,7.515,10.485
2023-12-28,33.105,79.04,1.1073,86.58,9.3,8.7
2023-12-29,32.35,77.69,1.1062,86.47,9.23,8.77
2024-01-02,30.57,76.24,1.0957,85.9,8.985,9.015
2024-01-03,32.795,77.18,1.0909,85.68,8.7,9.3
2024-01-04,33.41,75.79,1.0957,85.34,7.285,10.715
2024-01-05,34.55,78.31,1.0957,84.96,6.21,11.79
2024-01-08,31.58,75.47,1.0976,83.35,-0.525,18.525
2024-01-09,30.64,77.97,1.0935,82.51,-1.39,19.39
2024-01-10,30.94,78.46,1.096,81.64,-1.525,19.525
2024-01-11,30.815,80.21,1.0943,80.8,-0.965,18.965
2024-01-12,31.99,79.89,1.0959,80.05,1.435,16.565
2024-01-16,29.655,80.15,1.0882,77.46,-0.825,18.825
2024-01-17,27.71,78.88,1.0858,76.73,-0.7,18.7
2024-01-18,27.895,81.04,1.0863,76.06,-0.67,18.67
2024-01-19,28.429,80.71,1.0887,75.38,-1.025,19.025
2024-01-22,27.265,81.7,1.0895,73.78,7.13,10.87
2024-01-23,27.225,82.04,1.0829,73.31,6.745,11.255
2024-01-24,28.93,82.15,1.0901,72.92,9.65,8.35
2024-01-25,27.785,82.33,1.0837,72.52,7.545,10.455
2024-01-26,28.079,83.34,1.0866,72.15,7.66,10.34
2024-01-29,28.175,83.99,1.0807,70.95,5.385,12.615
2024-01-30,29.391,84.14,1.0844,70.49,5.77,12.23
2024-01-31,30.235,82.98,1.0855,70.06,5.495,12.505
2024-02-01,28.99,82.2,1.0865,69.62,6.285,11.715
2024-02-02,29.305,79.54,1.0787,69.25,5.845,12.155
2024-02-05,28.34,79.3,1.0736,68.49,8.91,9.09
2024-02-06,28.605,80.46,1.0751,68.17,9.2,8.8
2024-02-07,28.185,81.18,1.0769,67.76,7.825,10.175
2024-02-08,27.81,83.01,1.0774,67.37,7.365,10.635
2024-02-09,27.115,83.58,1.0782,67.11,10.595,7.405
2024-02-12,25.73,83.88,1.0774,66.41,6.225,11.775
2024-02-13,25.435,84.72,1.072,66.06,5.825,12.175
2024-02-14,24.855,84.41,1.0735,65.79,9.76,8.24
2024-02-15,24.965,84.33,1.0761,65.57,11.165,6.835
2024-02-16,24.82,84.88,1.0769,65.39,10.895,7.105
2024-02-20,24.17,84.78,1.0814,64.76,8.075,9.925
2024-02-21,23.975,84.77,1.0818,64.54,8.61,9.39
2024-02-22,23.195,85.84,1.0815,64.33,9.67,8.33
2024-02-23,22.934,84.18,1.0828,64.06,5.98,12.02
2024-02-26,24.01,84.01,1.0855,63.38,6.29,11.71
2024-02-27,24.39,83.8,1.0857,63.03,6.135,11.865
2024-02-28,25.619,84.08,1.0843,62.68,6.25,11.75
2024-02-29,24.865,84.57,1.0807,62.42,7.37,10.63
2024-03-01,25.809,84.82,1.0832,62.23,6.35,11.65
2024-03-04,26.885,86.58,1.0862,61.85,6.91,11.09
2024-03-05,27.47,85.82,1.0861,61.58,7.045,10.955
2024-03-06,26.57,86.59,1.0913,61.27,6.225,11.775
2024-03-07,25.99,84.88,1.0941,60.98,5.88,12.12
2024-03-08,26.39,84.29,1.0941,60.75,6.275,11.725
2024-03-11,24.93,83.44,1.0928,60.32,8.065,9.935
2024-03-12,24.775,83.66,1.0918,60.07,8.515,9.485
2024-03-13,24.905,83.95,1.0944,59.86,10.135,7.865
2024-03-14,26.05,86.16,1.0888,59.84,11.005,6.995
2024-03-15,27.026,85.39,1.0888,59.72,11.845,6.155
2024-03-18,28.82,86.47,1.0886,59.51,10.71,7.29
2024-03-19,28.865,87.36,1.0859,59.37,10.38,7.62
2024-03-20,27.74,85.77,1.0856,59.26,11.22,6.78
2024-03-21,26.4,84.92,1.0861,59.19,10.8,7.2
2024-03-22,27.776,84.87,1.0817,59.17,10.51,7.49
2024-03-25,28.49,86.18,1.0837,58.99,7.245,10.755
2024-03-26,27.13,85.91,1.0829,58.89,8.515,9.485
2024-03-27,27.687,84.94,1.0821,58.79,8.455,9.545
2024-03-28,27.34,86.17,1.0801,58.69,8.045,9.955
2024-04-01,27.34,86.17,1.0733,59.22,9.705,8.295
2024-04-02,26.205,87.63,1.0769,59.35,10.035,7.965
2024-04-03,25.565,90.6,1.0827,59.4,10.92,7.08
2024-04-04,26.205,90.32,1.0865,59.44,12.07,5.93
2024-04-05,26.605,92.81,1.0841,59.6,14.22,3.78
2024-04-08,27.91,91.73,1.0853,60.72,15.53,2.47
2024-04-09,27.35,92.13,1.0856,60.64,11.535,6.465
2024-04-10,27.1,91.57,1.0737,60.77,9.825,8.175
2024-04-11,29.375,91.49,1.0722,61.2,12.625,5.375
2024-04-12,30.732,93.12,1.0647,61.45,14.33,3.67
2024-04-15,31.145,90.84,1.0644,62.32,10.84,7.16
2024-04-16,33.14,91.29,1.0628,62.18,8.695,9.305
2024-04-17,31.29,89.54,1.0644,62.17,7.39,10.61
2024-04-18,32.31,88.34,1.066,62.15,7.215,10.785
2024-04-19,30.758,87.96,1.0655,62.13,8.405,9.595
2024-04-22,29.31,87.3,1.0655,62.12,5.54,12.46
2024-04-23,28.415,88.29,1.0695,61.98,6.075,11.925
2024-04-24,29.02,89.02,1.0687,61.85,6.725,11.275
2024-04-25,29.77,88.1,1.0721,61.74,6.85,11.15
2024-04-26,28.885,89.95,1.0686,61.7,8.245,9.755
2024-04-29,27.994,88.44,1.0717,62.21,12.485,5.515
2024-04-30,29.12,88.23,1.0684,62.44,15.355,2.645
2024-05-01,28.73,83.55,1.068,62.69,16.495,1.505
2024-05-02,30.915,84.81,1.0706,62.88,14.845,3.155
2024-05-03,30.53,83.6,1.077,63.08,12.05,5.95
2024-05-06,31.8,83.6,1.0779,63.7,13.46,4.54
2024-05-07,31.065,82.69,1.0767,63.83,13.475,4.525
2024-05-08,30.61,82.44,1.0755,63.93,12.95,5.05
2024-05-09,30.865,83.27,1.0771,64.19,13.995,4.005
2024-05-10,30.03,83.39,1.0773,64.46,15.625,2.375
2024-05-13,29.58,83.18,1.0796,65.49,17.065,0.935
2024-05-14,29.67,81,1.0818,65.79,16.97,1.03
2024-05-15,29.735,79.98,1.086,66.06,15.87,2.13
2024-05-16,30.25,81.65,1.0875,66.29,15.21,2.79
2024-05-17,30.769,82.24,1.0869,66.54,14.685,3.315
2024-05-20,31.77,81.91,1.0861,67.39,15.35,2.65
2024-05-21,33.005,81.22,1.0855,67.53,15.46,2.54
2024-05-22,34.39,79.9,1.0836,67.73,15.14,2.86
2024-05-23,35.23,79.25,1.0827,67.96,14.99,3.01
2024-05-24,34.115,78.92,1.0852,68.19,14.37,3.63
2024-05-28,33.535,81.34,1.0879,69.27,14.74,3.26
2024-05-29,33.88,81.5,1.0811,69.48,15.96,2.04
2024-05-30,35.192,81.42,1.0837,69.7,14.845,3.155
2024-05-31,34.223,79.41,1.0846,69.98,14.515,3.485
2024-06-03,36.015,76.45,1.089,70.56,15.095,2.905
2024-06-04,33.795,75.33,1.0878,70.71,16.14,1.86
2024-06-05,33.355,75.41,1.0865,70.89,15.205,2.795
2024-06-06,33.685,77.62,1.0883,71.11,14.92,3.08
2024-06-07,33.109,78.12,1.0807,71.33,15.4,2.6
2024-06-10,34.26,79.59,1.0751,72.14,13.94,4.06
2024-06-11,34.285,80.15,1.0733,72.32,12.785,5.215
2024-06-12,35.295,80.52,1.0843,72.5,12.855,5.145
2024-06-13,35.725,81.44,1.0756,72.7,14.075,3.925
2024-06-14,35.36,81.49,1.0699,72.98,15.725,2.275
2024-06-17,34.21,82.45,1.0723,73.85,17.49,0.51
2024-06-18,34.7,84.79,1.0739,74.09,18.54,0
2024-06-20,34.465,85.92,1.0708,74.56,18.17,0
2024-06-21,33.936,86.42,1.0694,74.79,18.725,0
2024-06-24,34.08,86.75,1.0727,75.72,20.095,0
2024-06-25,34.855,86.81,1.0705,75.97,21.53,0
2024-06-26,33.825,85.76,1.0682,76.23,22.695,0
2024-06-27,34.565,87,1.0708,76.45,22.605,0
2024-06-28,34.48,87.26,1.0711,76.75,19.84,0
2024-07-01,33.485,86.57,1.0728,77.66,17.38,0.62
2024-07-02,33.685,88.28,1.0737,77.91,16.24,1.76
2024-07-03,32.69,88.25,1.0799,78.16,15.18,2.82
2024-07-05,33.065,88.66,1.0828,78.71,17.425,0.575
2024-07-08,32.285,87.15,1.0835,79.58,17.52,0.48
2024-07-09,31.335,86.48,1.0813,79.85,21.115,0
2024-07-10,30.785,86.55,1.0823,80.09,21.06,0
2024-07-11,31.11,86.49,1.087,80.32,19.915,0
2024-07-12,31.72,87.35,1.0902,80.55,18.05,0
2024-07-15,31.37,86.42,1.0912,81.36,20.045,0
2024-07-16,32.795,86.6,1.0885,81.59,19.79,0
2024-07-17,31.895,85.76,1.0933,81.81,19.5,0
2024-07-18,32.675,86.26,1.0913,82.01,21.27,0
2024-07-19,32.17,85.19,1.0888,82.26,23.545,0
2024-07-22,31.84,83.44,1.088,83.13,20.885,0
2024-07-23,31.62,82.2,1.0855,83.34,20.53,0
2024-07-24,32.62,83.01,1.0853,83.49,19.58,0
2024-07-25,31.78,82.58,1.0861,83.66,20.45,0
2024-07-26,32.475,81.35,1.0859,83.89,20.47,0
2024-07-29,33.875,80.94,1.0819,84.69,21.065,0
2024-07-30,34.361,79.26,1.0809,84.9,23.69,0
2024-07-31,35.87,81.39,1.0823,85.11,23.745,0
2024-08-01,36.97,81.37,1.0789,85.2,22.48,0
2024-08-02,36.65,78.35,1.0914,85.42,21.78,0
2024-08-05,35.5,77.51,1.0957,86.24,20.29,0
2024-08-06,36.675,76.62,1.0926,86.41,21.62,0
2024-08-07,38.45,78.26,1.0925,86.63,20.14,0
2024-08-08,40.095,80.76,1.0914,86.84,20.23,0
2024-08-09,40.395,81.07,1.0925,87.09,21.73,0
2024-08-12,39.66,83.06,1.0928,87.91,25.64,0
2024-08-13,39.48,82.51,1.0954,88.17,24.195,0
2024-08-14,38.965,82.15,1.1024,88.41,22.67,0
2024-08-15,39.6,83.09,1.0986,88.72,21.56,0
2024-08-16,39.645,81.56,1.0996,89.02,22.015,0
2024-08-19,39.845,81.09,1.107,89.97,18.33,0
2024-08-20,37.955,78.85,1.1106,90.22,19.55,0
2024-08-21,37.01,78.77,1.1143,90.48,18.28,0
2024-08-22,36.585,78.8,1.1114,90.72,18.635,0
2024-08-23,36.865,80.34,1.1176,90.99,20.705,0
2024-08-26,37.655,80.34,1.1164,91.77,17.855,0.145
2024-08-27,38.69,81.51,1.116,91.96,19.405,0
2024-08-28,38.52,80.04,1.1127,91.92,21.74,0
2024-08-29,38.601,81.55,1.1086,92.04,22.035,0
2024-08-30,39.825,80.2,1.106,92.18,20.06,0
2024-09-03,37.195,76.46,1.1043,92.53,21.16,0
2024-09-04,35.8,74.67,1.1081,92.57,19.66,0
2024-09-05,36.195,74.47,1.1096,92.64,20.28,0
2024-09-06,36.48,72.82,1.1086,92.73,19.3,0
2024-09-09,37.335,72.37,1.1042,93.04,16.795,1.205
2024-09-10,35.28,70.34,1.1025,93.15,16.045,1.955
2024-09-11,36.14,70.31,1.1012,93.2,13.7,4.3
2024-09-12,35.19,73.81,1.1041,93.2,11.125,6.875
2024-09-13,35.648,73.68,1.1085,93.22,11.54,6.46
2024-09-16,34.081,73.96,1.1123,93.38,14.865,3.135
2024-09-17,35.547,74.55,1.1118,93.38,15.91,2.09
2024-09-18,35.245,74.52,1.1116,93.43,17.915,0.085
2024-09-19,33.083,75.93,1.1147,93.49,18.375,0
2024-09-20,34.444,75.96,1.1159,93.56,17.34,0.66
2024-09-23,36.211,74.95,1.113,93.84,16.27,1.73
2024-09-24,35.413,75.29,1.115,93.9,15.105,2.895
2024-09-25,37.319,75.4,1.1143,93.97,14.75,3.25
2024-09-26,37.89,73.06,1.1184,94,15.54,2.46
2024-09-27,38.114,71.63,1.1159,94.08,13.53,4.47
2024-09-30,39.044,72.35,1.1145,94.35,13.11,4.89
2024-10-01,39.273,75.3,1.1067,94.31,13.74,4.26
2024-10-02,38.617,74.86,1.105,94.28,12.75,5.25
2024-10-03,39.912,77.57,1.1015,94.29,11.43,6.57
2024-10-04,40.98,79.32,1.0961,94.32,10.595,7.405
2024-10-07,40.244,81.74,1.0976,94.56,14.495,3.505
2024-10-08,38.919,78.19,1.097,94.65,14.945,3.055
2024-10-09,38.341,77.06,1.0951,94.76,14.065,3.935
2024-10-10,40.293,79.45,1.0925,94.83,12.99,5.01
2024-10-11,39.879,80.27,1.0942,94.89,9.65,8.35
2024-10-14,40.559,78.47,1.0942,95.01,10.485,7.515
2024-10-15,39.973,73.68,1.0899,95,12.115,5.885
2024-10-16,39.241,73.65,1.0873,95.04,15.87,2.13
2024-10-17,39.65,74.37,1.0837,95.08,15.385,2.615
2024-10-18,39.204,72.75,1.0854,95.1,13.67,4.33
2024-10-21,40.024,73.29,1.082,95.32,15.19,2.81
2024-10-22,40.704,75.59,1.0805,95.31,12.95,5.05
2024-10-23,41.38,74.68,1.0779,95.26,10.74,7.26
2024-10-24,42.154,74.27,1.0806,95.21,11.515,6.485
2024-10-25,43.513,75.62,1.0813,95.21,13.415,4.585
2024-10-28,42.519,71.87,1.0819,95.31,12.605,5.395
2024-10-29,42.869,71.09,1.0798,95.21,12.43,5.57
2024-10-30,40.903,73.21,1.0864,95.21,11.51,6.49
2024-10-31,40.588,73.25,1.0855,95.17,11.06,6.94
2024-11-01,39.175,73.63,1.0848,95.21,10.515,7.485
2024-11-04,40.301,74.89,1.0884,95,8.065,9.935
2024-11-05,40.492,76.98,1.092,94.74,7.605,10.395
2024-11-06,40.388,76.52,1.0732,94.41,7.995,10.005
2024-11-07,41.276,75.73,1.0792,94.06,7.69,10.31
2024-11-08,42.409,74.04,1.071,93.76,7.14,10.86
2024-11-11,43.728,72.19,1.071,93.04,7.545,10.455
2024-11-12,44.255,72.56,1.0598,92.58,7.785,10.215
2024-11-13,43.666,72.86,1.0567,92.1,7.155,10.845
2024-11-14,46.224,73.39,1.0562,91.66,7.985,10.015
2024-11-15,46.551,73.45,1.0552,91.27,7.76,10.24
2024-11-18,46.9,74.35,1.0586,90.31,6.565,11.435
2024-11-19,45.668,74.32,1.0578,89.86,7.275,10.725
2024-11-20,46.796,74.33,1.0521,89.41,3.41,14.59
2024-11-21,48.303,75.09,1.0475,88.84,1.355,16.645
2024-11-22,47.018,76.1,1.0399,88.29,1.715,16.285
2024-11-25,47.733,74.27,1.0478,88.29,11.59,6.41
2024-11-26,47.216,74.56,1.0481,88.29,8.05,9.95
2024-11-27,46.762,73.91,1.0575,88.29,7.875,10.125
2024-11-28,46.775,73.92,1.0575,88.29,6.11,11.89
2024-11-29,47.35,74.16,1.0547,88.29,4.56,13.44
