Date,T_mean_EU,HDD
2015-01-01,2.4000,15.6000
2015-01-02,4.6300,13.3700
2015-01-03,3.4150,14.5850
2015-01-04,3.4200,14.5800
2015-01-05,2.1850,15.8150
2015-01-06,1.4600,16.5400
2015-01-07,2.7350,15.2650
2015-01-08,6.1600,11.8400
2015-01-09,8.2300,9.7700
2015-01-10,10.2450,7.7550
2015-01-11,5.1250,12.8750
2015-01-12,6.8350,11.1650
2015-01-13,8.0600,9.9400
2015-01-14,5.3450,12.6550
2015-01-15,7.1000,10.9000
2015-01-16,5.8450,12.1550
2015-01-17,2.8650,15.1350
2015-01-18,1.5300,16.4700
2015-01-19,1.1550,16.8450
2015-01-20,0.6350,17.3650
2015-01-21,0.9650,17.0350
2015-01-22,0.9450,17.0550
2015-01-23,0.6550,17.3450
2015-01-24,1.7950,16.2050
2015-01-25,2.4650,15.5350
2015-01-26,4.1200,13.8800
2015-01-27,3.5850,14.4150
2015-01-28,4.0250,13.9750
2015-01-29,2.2100,15.7900
2015-01-30,1.6600,16.3400
2015-01-31,1.3150,16.6850
2015-02-01,1.4550,16.5450
2015-02-02,0.7250,17.2750
2015-02-03,0.3550,17.6450
2015-02-04,0.1200,17.8800
2015-02-05,-0.4800,18.4800
2015-02-06,-0.2400,18.2400
2015-02-07,0.6800,17.3200
2015-02-08,3.0000,15.0000
2015-02-09,2.6900,15.3100
2015-02-10,4.1100,13.8900
2015-02-11,3.0350,14.9650
2015-02-12,1.7800,16.2200
2015-02-13,3.5350,14.4650
2015-02-14,4.4400,13.5600
2015-02-15,3.4200,14.5800
2015-02-16,3.4950,14.5050
2015-02-17,3.7650,14.2350
2015-02-18,2.9350,15.0650
2015-02-19,3.1550,14.8450
2015-02-20,4.8500,13.1500
2015-02-21,3.8750,14.1250
2015-02-22,2.7650,15.2350
2015-02-23,4.4400,13.5600
2015-02-24,4.4700,13.5300
2015-02-25,4.4100,13.5900
2015-02-26,6.1050,11.8950
2015-02-27,4.1250,13.8750
2015-02-28,4.0300,13.9700
2015-03-01,7.1300,10.8700
2015-03-02,6.1400,11.8600
2015-03-03,4.9850,13.0150
2015-03-04,4.4450,13.5550
2015-03-05,4.6850,13.3150
2015-03-06,4.7850,13.2150
2015-03-07,5.8050,12.1950
2015-03-08,7.0700,10.9300
2015-03-09,7.2200,10.7800
2015-03-10,6.9400,11.0600
2015-03-11,5.8150,12.1850
2015-03-12,5.8350,12.1650
2015-03-13,5.3100,12.6900
2015-03-14,4.8000,13.2000
2015-03-15,5.5650,12.4350
2015-03-16,6.3800,11.6200
2015-03-17,7.7650,10.2350
2015-03-18,8.0850,9.9150
2015-03-19,7.5950,10.4050
2015-03-20,7.4550,10.5450
2015-03-21,6.0500,11.9500
2015-03-22,5.5600,12.4400
2015-03-23,5.3500,12.6500
2015-03-24,6.8300,11.1700
2015-03-25,7.0400,10.9600
2015-03-26,5.9350,12.0650
2015-03-27,7.2450,10.7550
2015-03-28,8.1100,9.8900
2015-03-29,10.0700,7.9300
2015-03-30,8.5500,9.4500
2015-03-31,9.9200,8.0800
2015-04-01,6.7850,11.2150
2015-04-02,6.8900,11.1100
2015-04-03,6.9900,11.0100
2015-04-04,6.2800,11.7200
2015-04-05,5.6800,12.3200
2015-04-06,6.1350,11.8650
2015-04-07,7.1550,10.8450
2015-04-08,8.7600,9.2400
2015-04-09,10.4900,7.5100
2015-04-10,12.1150,5.8850
2015-04-11,11.0500,6.9500
2015-04-12,10.7000,7.3000
2015-04-13,10.7800,7.2200
2015-04-14,12.5800,5.4200
2015-04-15,14.6600,3.3400
2015-04-16,13.4350,4.5650
2015-04-17,10.9000,7.1000
2015-04-18,9.4500,8.5500
2015-04-19,8.8900,9.1100
2015-04-20,10.9900,7.0100
2015-04-21,12.0450,5.9550
2015-04-22,10.9350,7.0650
2015-04-23,10.7500,7.2500
2015-04-24,12.5100,5.4900
2015-04-25,12.9450,5.0550
2015-04-26,12.4500,5.5500
2015-04-27,10.1050,7.8950
2015-04-28,9.0150,8.9850
2015-04-29,9.7300,8.2700
2015-04-30,9.8350,8.1650
2015-05-01,9.0650,8.9350
2015-05-02,10.6850,7.3150
2015-05-03,13.1200,4.8800
2015-05-04,15.3900,2.6100
2015-05-05,16.4650,1.5350
2015-05-06,13.4250,4.5750
2015-05-07,12.6950,5.3050
2015-05-08,13.8850,4.1150
2015-05-09,15.0150,2.9850
2015-05-10,14.5400,3.4600
2015-05-11,16.9550,1.0450
2015-05-12,16.2900,1.7100
2015-05-13,14.0500,3.9500
2015-05-14,13.0300,4.9700
2015-05-15,12.8900,5.1100
2015-05-16,12.9050,5.0950
2015-05-17,13.3100,4.6900
2015-05-18,13.8750,4.1250
2015-05-19,12.5350,5.4650
2015-05-20,11.0500,6.9500
2015-05-21,11.6850,6.3150
2015-05-22,13.4150,4.5850
2015-05-23,14.6350,3.3650
2015-05-24,14.4900,3.5100
2015-05-25,14.0350,3.9650
2015-05-26,13.0650,4.9350
2015-05-27,12.8950,5.1050
2015-05-28,14.3200,3.6800
2015-05-29,13.5400,4.4600
2015-05-30,13.2600,4.7400
2015-05-31,14.3500,3.6500
2015-06-01,13.5950,4.4050
2015-06-02,16.5350,1.4650
2015-06-03,16.9200,1.0800
2015-06-04,17.5100,0.4900
2015-06-05,21.7800,0.0000
2015-06-06,18.9100,0.0000
2015-06-07,17.3850,0.6150
2015-06-08,15.6600,2.3400
2015-06-09,14.5650,3.4350
2015-06-10,16.2800,1.7200
2015-06-11,18.9900,0.0000
2015-06-12,20.8200,0.0000
2015-06-13,19.1600,0.0000
2015-06-14,17.9800,0.0200
2015-06-15,16.5400,1.4600
2015-06-16,16.0100,1.9900
2015-06-17,16.8900,1.1100
2015-06-18,16.9400,1.0600
2015-06-19,15.1000,2.9000
2015-06-20,15.0350,2.9650
2015-06-21,16.0950,1.9050
2015-06-22,14.2650,3.7350
2015-06-23,14.4150,3.5850
2015-06-24,15.9350,2.0650
2015-06-25,18.5650,0.0000
2015-06-26,20.3700,0.0000
2015-06-27,19.3300,0.0000
2015-06-28,19.0850,0.0000
2015-06-29,20.2750,0.0000
2015-06-30,21.9450,0.0000
2015-07-01,25.9550,0.0000
2015-07-02,25.4100,0.0000
2015-07-03,25.2750,0.0000
2015-07-04,26.8850,0.0000
2015-07-05,24.2150,0.0000
2015-07-06,21.6450,0.0000
2015-07-07,22.6000,0.0000
2015-07-08,18.7050,0.0000
2015-07-09,17.1800,0.8200
2015-07-10,18.4350,0.0000
2015-07-11,21.4350,0.0000
2015-07-12,20.1650,0.0000
2015-07-13,19.3400,0.0000
2015-07-14,20.3850,0.0000
2015-07-15,21.2850,0.0000
2015-07-16,22.9550,0.0000
2015-07-17,24.3850,0.0000
2015-07-18,22.1350,0.0000
2015-07-19,21.2250,0.0000
2015-07-20,21.1050,0.0000
2015-07-21,23.0750,0.0000
2015-07-22,22.4850,0.0000
2015-07-23,20.9550,0.0000
2015-07-24,21.2300,0.0000
2015-07-25,18.5450,0.0000
2015-07-26,16.7350,1.2650
2015-07-27,18.3000,0.0000
2015-07-28,17.5550,0.4450
2015-07-29,16.5850,1.4150
2015-07-30,15.7500,2.2500
2015-07-31,15.9900,2.0100
2015-08-01,18.3100,0.0000
2015-08-02,20.3000,0.0000
2015-08-03,23.5000,0.0000
2015-08-04,21.1250,0.0000
2015-08-05,20.9550,0.0000
2015-08-06,23.5950,0.0000
2015-08-07,24.2300,0.0000
2015-08-08,23.1850,0.0000
2015-08-09,22.1000,0.0000
2015-08-10,22.0900,0.0000
2015-08-11,21.6200,0.0000
2015-08-12,23.4600,0.0000
2015-08-13,24.5100,0.0000
2015-08-14,22.3750,0.0000
2015-08-15,19.3250,0.0000
2015-08-16,16.9400,1.0600
2015-08-17,16.3150,1.6850
2015-08-18,16.7050,1.2950
2015-08-19,17.4850,0.5150
2015-08-20,18.5200,0.0000
2015-08-21,19.8450,0.0000
2015-08-22,21.0150,0.0000
2015-08-23,20.1600,0.0000
2015-08-24,17.6500,0.3500
2015-08-25,16.9850,1.0150
2015-08-26,20.2500,0.0000
2015-08-27,18.7400,0.0000
2015-08-28,17.3200,0.6800
2015-08-29,19.9200,0.0000
2015-08-30,22.7500,0.0000
2015-08-31,22.2050,0.0000
2015-09-01,18.1600,0.0000
2015-09-02,15.5600,2.4400
2015-09-03,15.0000,3.0000
2015-09-04,14.3550,3.6450
2015-09-05,13.8850,4.1150
2015-09-06,13.5350,4.4650
2015-09-07,14.0650,3.9350
2015-09-08,14.6600,3.3400
2015-09-09,15.3750,2.6250
2015-09-10,15.5150,2.4850
2015-09-11,15.3650,2.6350
2015-09-12,16.5750,1.4250
2015-09-13,15.9550,2.0450
2015-09-14,15.6200,2.3800
2015-09-15,14.4550,3.5450
2015-09-16,15.7000,2.3000
2015-09-17,15.4400,2.5600
2015-09-18,14.4950,3.5050
2015-09-19,14.2800,3.7200
2015-09-20,13.6750,4.3250
2015-09-21,14.2450,3.7550
2015-09-22,13.1800,4.8200
2015-09-23,12.6950,5.3050
2015-09-24,13.7350,4.2650
2015-09-25,13.6000,4.4000
2015-09-26,13.5800,4.4200
2015-09-27,13.4300,4.5700
2015-09-28,12.9450,5.0550
2015-09-29,12.9450,5.0550
2015-09-30,12.7400,5.2600
2015-10-01,11.9800,6.0200
2015-10-02,12.0500,5.9500
2015-10-03,12.6350,5.3650
2015-10-04,12.8800,5.1200
2015-10-05,14.1600,3.8400
2015-10-06,16.1250,1.8750
2015-10-07,14.6350,3.3650
2015-10-08,13.2800,4.7200
2015-10-09,12.6750,5.3250
2015-10-10,12.2550,5.7450
2015-10-11,10.7950,7.2050
2015-10-12,9.1250,8.8750
2015-10-13,8.0250,9.9750
2015-10-14,7.2750,10.7250
2015-10-15,6.5950,11.4050
2015-10-16,7.8550,10.1450
2015-10-17,8.9250,9.0750
2015-10-18,9.2650,8.7350
2015-10-19,9.6600,8.3400
2015-10-20,10.0750,7.9250
2015-10-21,9.4850,8.5150
2015-10-22,11.0450,6.9550
2015-10-23,10.7000,7.3000
2015-10-24,10.7150,7.2850
2015-10-25,10.7950,7.2050
2015-10-26,11.0600,6.9400
2015-10-27,11.1250,6.8750
2015-10-28,10.7500,7.2500
2015-10-29,11.2600,6.7400
2015-10-30,11.5750,6.4250
2015-10-31,10.2800,7.7200
2015-11-01,8.6100,9.3900
2015-11-02,7.7250,10.2750
2015-11-03,8.1050,9.8950
2015-11-04,10.7100,7.2900
2015-11-05,12.0900,5.9100
2015-11-06,13.7200,4.2800
2015-11-07,15.5650,2.4350
2015-11-08,13.6200,4.3800
2015-11-09,13.7050,4.2950
2015-11-10,13.0650,4.9350
2015-11-11,12.0000,6.0000
2015-11-12,11.9050,6.0950
2015-11-13,10.6550,7.3450
2015-11-14,9.0800,8.9200
2015-11-15,11.8000,6.2000
2015-11-16,11.1500,6.8500
2015-11-17,12.6550,5.3450
2015-11-18,12.5500,5.4500
2015-11-19,11.8600,6.1400
2015-11-20,8.8150,9.1850
2015-11-21,4.6900,13.3100
2015-11-22,2.8600,15.1400
2015-11-23,2.3450,15.6550
2015-11-24,3.0400,14.9600
2015-11-25,5.0450,12.9550
2015-11-26,5.0550,12.9450
2015-11-27,4.0800,13.9200
2015-11-28,4.6100,13.3900
2015-11-29,8.1800,9.8200
2015-11-30,9.4800,8.5200
2015-12-01,10.3250,7.6750
2015-12-02,9.2550,8.7450
2015-12-03,6.8350,11.1650
2015-12-04,7.4800,10.5200
2015-12-05,6.5500,11.4500
2015-12-06,8.5500,9.4500
2015-12-07,9.2600,8.7400
2015-12-08,7.4800,10.5200
2015-12-09,6.5100,11.4900
2015-12-10,4.7800,13.2200
2015-12-11,5.3200,12.6800
2015-12-12,7.5200,10.4800
2015-12-13,7.3400,10.6600
2015-12-14,6.4050,11.5950
2015-12-15,6.8900,11.1100
2015-12-16,9.6800,8.3200
2015-12-17,11.2950,6.7050
2015-12-18,10.2450,7.7550
2015-12-19,10.6200,7.3800
2015-12-20,9.7250,8.2750
2015-12-21,9.5600,8.4400
2015-12-22,11.1350,6.8650
2015-12-23,9.6400,8.3600
2015-12-24,9.2250,8.7750
2015-12-25,9.6300,8.3700
2015-12-26,10.3300,7.6700
2015-12-27,9.1700,8.8300
2015-12-28,6.7200,11.2800
2015-12-29,6.2400,11.7600
2015-12-30,6.3500,11.6500
2015-12-31,6.2450,11.7550
2016-01-01,4.5400,13.4600
2016-01-02,5.4700,12.5300
2016-01-03,5.5300,12.4700
2016-01-04,5.2700,12.7300
2016-01-05,5.2350,12.7650
2016-01-06,4.8150,13.1850
2016-01-07,5.3400,12.6600
2016-01-08,4.3700,13.6300
2016-01-09,4.5000,13.5000
2016-01-10,6.2450,11.7550
2016-01-11,5.6400,12.3600
2016-01-12,5.1950,12.8050
2016-01-13,4.2450,13.7550
2016-01-14,2.8400,15.1600
2016-01-15,2.0350,15.9650
2016-01-16,1.3300,16.6700
2016-01-17,0.2350,17.7650
2016-01-18,-1.4150,19.4150
2016-01-19,-2.8250,20.8250
2016-01-20,-1.1200,19.1200
2016-01-21,-0.4900,18.4900
2016-01-22,0.7600,17.2400
2016-01-23,4.3550,13.6450
2016-01-24,5.9150,12.0850
2016-01-25,7.5200,10.4800
2016-01-26,7.4400,10.5600
2016-01-27,9.6200,8.3800
2016-01-28,7.3400,10.6600
2016-01-29,6.6300,11.3700
2016-01-30,7.2450,10.7550
2016-01-31,6.4800,11.5200
2016-02-01,10.5550,7.4450
2016-02-02,9.2050,8.7950
2016-02-03,5.3550,12.6450
2016-02-04,5.4000,12.6000
2016-02-05,7.3150,10.6850
2016-02-06,8.2900,9.7100
2016-02-07,7.3400,10.6600
2016-02-08,7.6500,10.3500
2016-02-09,6.5400,11.4600
2016-02-10,4.3800,13.6200
2016-02-11,3.3150,14.6850
2016-02-12,2.3850,15.6150
2016-02-13,3.1550,14.8450
2016-02-14,4.7200,13.2800
2016-02-15,3.0850,14.9150
2016-02-16,1.4500,16.5500
2016-02-17,1.4050,16.5950
2016-02-18,2.9000,15.1000
2016-02-19,2.9250,15.0750
2016-02-20,6.3650,11.6350
2016-02-21,10.1300,7.8700
2016-02-22,8.7100,9.2900
2016-02-23,5.0050,12.9950
2016-02-24,3.2650,14.7350
2016-02-25,1.7850,16.2150
2016-02-26,2.0950,15.9050
2016-02-27,2.5850,15.4150
2016-02-28,3.2800,14.7200
2016-02-29,3.2550,14.7450
2016-03-01,3.6350,14.3650
2016-03-02,5.8250,12.1750
2016-03-03,4.3250,13.6750
2016-03-04,3.7950,14.2050
2016-03-05,3.7600,14.2400
2016-03-06,2.8550,15.1450
2016-03-07,2.2400,15.7600
2016-03-08,2.2250,15.7750
2016-03-09,4.4100,13.5900
2016-03-10,4.8300,13.1700
2016-03-11,4.8750,13.1250
2016-03-12,5.1600,12.8400
2016-03-13,4.9500,13.0500
2016-03-14,4.7300,13.2700
2016-03-15,4.7300,13.2700
2016-03-16,5.3400,12.6600
2016-03-17,5.5800,12.4200
2016-03-18,5.1750,12.8250
2016-03-19,5.7700,12.2300
2016-03-20,5.6800,12.3200
2016-03-21,7.1950,10.8050
2016-03-22,7.0050,10.9950
2016-03-23,7.4400,10.5600
2016-03-24,7.0550,10.9450
2016-03-25,7.7450,10.2550
2016-03-26,8.7750,9.2250
2016-03-27,8.7850,9.2150
2016-03-28,8.7850,9.2150
2016-03-29,8.3000,9.7000
2016-03-30,8.6400,9.3600
2016-03-31,7.7850,10.2150
2016-04-01,7.3650,10.6350
2016-04-02,9.6100,8.3900
2016-04-03,12.9050,5.0950
2016-04-04,12.4750,5.5250
2016-04-05,11.1750,6.8250
2016-04-06,9.9300,8.0700
2016-04-07,8.7550,9.2450
2016-04-08,8.0100,9.9900
2016-04-09,8.1250,9.8750
2016-04-10,9.5250,8.4750
2016-04-11,11.1000,6.9000
2016-04-12,10.7850,7.2150
2016-04-13,10.2750,7.7250
2016-04-14,10.5050,7.4950
2016-04-15,11.0700,6.9300
2016-04-16,10.0750,7.9250
2016-04-17,8.1900,9.8100
2016-04-18,8.0750,9.9250
2016-04-19,9.3950,8.6050
2016-04-20,9.3100,8.6900
2016-04-21,11.1950,6.8050
2016-04-22,10.9300,7.0700
2016-04-23,8.2100,9.7900
2016-04-24,5.9950,12.0050
2016-04-25,6.2450,11.7550
2016-04-26,6.0300,11.9700
2016-04-27,5.7650,12.2350
2016-04-28,6.1150,11.8850
2016-04-29,8.0000,10.0000
2016-04-30,8.7350,9.2650
2016-05-01,9.3350,8.6650
2016-05-02,11.4900,6.5100
2016-05-03,11.1450,6.8550
2016-05-04,10.4350,7.5650
2016-05-05,12.0700,5.9300
2016-05-06,14.9250,3.0750
2016-05-07,16.5700,1.4300
2016-05-08,17.6350,0.3650
2016-05-09,17.9150,0.0850
2016-05-10,16.7900,1.2100
2016-05-11,16.4800,1.5200
2016-05-12,16.6250,1.3750
2016-05-13,15.3750,2.6250
2016-05-14,10.9450,7.0550
2016-05-15,9.9300,8.0700
2016-05-16,10.5750,7.4250
2016-05-17,11.5900,6.4100
2016-05-18,13.2400,4.7600
2016-05-19,13.0250,4.9750
2016-05-20,14.0050,3.9950
2016-05-21,16.4250,1.5750
2016-05-22,16.3550,1.6450
2016-05-23,13.2700,4.7300
2016-05-24,11.7650,6.2350
2016-05-25,12.8000,5.2000
2016-05-26,15.2200,2.7800
2016-05-27,16.8800,1.1200
2016-05-28,17.3500,0.6500
2016-05-29,16.7400,1.2600
2016-05-30,15.3100,2.6900
2016-05-31,15.2400,2.7600
2016-06-01,15.2000,2.8000
2016-06-02,15.0150,2.9850
2016-06-03,14.8550,3.1450
2016-06-04,17.0950,0.9050
2016-06-05,18.0450,0.0000
2016-06-06,18.5000,0.0000
2016-06-07,19.4600,0.0000
2016-06-08,18.5500,0.0000
2016-06-09,16.4650,1.5350
2016-06-10,16.9100,1.0900
2016-06-11,17.4450,0.5550
2016-06-12,16.5000,1.5000
2016-06-13,16.0400,1.9600
2016-06-14,15.5700,2.4300
2016-06-15,15.1700,2.8300
2016-06-16,15.3850,2.6150
2016-06-17,15.4700,2.5300
2016-06-18,15.1250,2.8750
2016-06-19,15.3500,2.6500
2016-06-20,16.1100,1.8900
2016-06-21,17.8350,0.1650
2016-06-22,20.3700,0.0000
2016-06-23,22.7900,0.0000
2016-06-24,21.2450,0.0000
2016-06-25,18.0700,0.0000
2016-06-26,16.5250,1.4750
2016-06-27,16.6100,1.3900
2016-06-28,17.1600,0.8400
2016-06-29,17.8000,0.2000
2016-06-30,18.1300,0.0000
2016-07-01,18.8100,0.0000
2016-07-02,16.7350,1.2650
2016-07-03,15.9200,2.0800
2016-07-04,17.0350,0.9650
2016-07-05,18.1850,0.0000
2016-07-06,16.9500,1.0500
2016-07-07,18.3750,0.0000
2016-07-08,19.6950,0.0000
2016-07-09,19.9000,0.0000
2016-07-10,21.5000,0.0000
2016-07-11,20.8350,0.0000
2016-07-12,18.4350,0.0000
2016-07-13,16.3550,1.6450
2016-07-14,15.7400,2.2600
2016-07-15,16.2550,1.7450
2016-07-16,18.5350,0.0000
2016-07-17,20.5300,0.0000
2016-07-18,21.6300,0.0000
2016-07-19,23.5700,0.0000
2016-07-20,25.0950,0.0000
2016-07-21,22.0550,0.0000
2016-07-22,21.5950,0.0000
2016-07-23,21.1600,0.0000
2016-07-24,20.9700,0.0000
2016-07-25,21.4050,0.0000
2016-07-26,20.6350,0.0000
2016-07-27,20.1650,0.0000
2016-07-28,20.1500,0.0000
2016-07-29,20.2750,0.0000
2016-07-30,20.5200,0.0000
2016-07-31,19.3400,0.0000
2016-08-01,17.9350,0.0650
2016-08-02,18.1350,0.0000
2016-08-03,19.9050,0.0000
2016-08-04,19.1900,0.0000
2016-08-05,17.9850,0.0150
2016-08-06,18.4600,0.0000
2016-08-07,20.0650,0.0000
2016-08-08,19.3200,0.0000
2016-08-09,17.0900,0.9100
2016-08-10,15.3150,2.6850
2016-08-11,15.4600,2.5400
2016-08-12,18.4500,0.0000
2016-08-13,19.9000,0.0000
2016-08-14,19.7200,0.0000
2016-08-15,19.7000,0.0000
2016-08-16,19.6550,0.0000
2016-08-17,20.0050,0.0000
2016-08-18,19.3250,0.0000
2016-08-19,19.5100,0.0000
2016-08-20,18.9900,0.0000
2016-08-21,17.8800,0.1200
2016-08-22,19.0000,0.0000
2016-08-23,21.1550,0.0000
2016-08-24,23.8050,0.0000
2016-08-25,24.5050,0.0000
2016-08-26,24.2700,0.0000
2016-08-27,24.2900,0.0000
2016-08-28,23.1800,0.0000
2016-08-29,20.6550,0.0000
2016-08-30,19.6750,0.0000
2016-08-31,20.4400,0.0000
2016-09-01,20.5350,0.0000
2016-09-02,20.1900,0.0000
2016-09-03,20.7400,0.0000
2016-09-04,19.6000,0.0000
2016-09-05,18.6650,0.0000
2016-09-06,19.9700,0.0000
2016-09-07,20.5650,0.0000
2016-09-08,20.6500,0.0000
2016-09-09,20.0200,0.0000
2016-09-10,20.7750,0.0000
2016-09-11,20.6900,0.0000
2016-09-12,22.3300,0.0000
2016-09-13,24.4000,0.0000
2016-09-14,23.8550,0.0000
2016-09-15,21.7750,0.0000
2016-09-16,18.2500,0.0000
2016-09-17,16.6950,1.3050
2016-09-18,17.0000,1.0000
2016-09-19,16.6250,1.3750
2016-09-20,16.0100,1.9900
2016-09-21,15.9250,2.0750
2016-09-22,16.1000,1.9000
2016-09-23,16.2100,1.7900
2016-09-24,17.0350,0.9650
2016-09-25,16.9650,1.0350
2016-09-26,15.4850,2.5150
2016-09-27,15.8300,2.1700
2016-09-28,17.2250,0.7750
2016-09-29,17.7750,0.2250
2016-09-30,15.8850,2.1150
2016-10-01,14.2050,3.7950
2016-10-02,13.2100,4.7900
2016-10-03,12.6100,5.3900
2016-10-04,12.6550,5.3450
2016-10-05,11.6700,6.3300
2016-10-06,10.4850,7.5150
2016-10-07,11.9550,6.0450
2016-10-08,11.0700,6.9300
2016-10-09,9.7850,8.2150
2016-10-10,8.6950,9.3050
2016-10-11,8.4100,9.5900
2016-10-12,9.3450,8.6550
2016-10-13,9.5150,8.4850
2016-10-14,10.7100,7.2900
2016-10-15,12.3200,5.6800
2016-10-16,12.4700,5.5300
2016-10-17,12.7700,5.2300
2016-10-18,11.1500,6.8500
2016-10-19,10.3800,7.6200
2016-10-20,9.4600,8.5400
2016-10-21,8.4450,9.5550
2016-10-22,8.3250,9.6750
2016-10-23,7.9350,10.0650
2016-10-24,10.2850,7.7150
2016-10-25,11.1900,6.8100
2016-10-26,11.0150,6.9850
2016-10-27,10.9400,7.0600
2016-10-28,12.0850,5.9150
2016-10-29,12.2150,5.7850
2016-10-30,10.0950,7.9050
2016-10-31,9.8450,8.1550
2016-11-01,8.6950,9.3050
2016-11-02,8.3200,9.6800
2016-11-03,6.7900,11.2100
2016-11-04,6.4800,11.5200
2016-11-05,7.1700,10.8300
2016-11-06,5.7450,12.2550
2016-11-07,4.4250,13.5750
2016-11-08,3.2550,14.7450
2016-11-09,4.6850,13.3150
2016-11-10,5.7650,12.2350
2016-11-11,4.9050,13.0950
2016-11-12,3.7050,14.2950
2016-11-13,4.7500,13.2500
2016-11-14,4.0550,13.9450
2016-11-15,7.4300,10.5700
2016-11-16,9.8100,8.1900
2016-11-17,9.7100,8.2900
2016-11-18,8.3250,9.6750
2016-11-19,5.8750,12.1250
2016-11-20,8.5850,9.4150
2016-11-21,10.1500,7.8500
2016-11-22,9.7600,8.2400
2016-11-23,8.5350,9.4650
2016-11-24,8.9850,9.0150
2016-11-25,7.7650,10.2350
2016-11-26,6.3900,11.6100
2016-11-27,6.1000,11.9000
2016-11-28,3.2150,14.7850
2016-11-29,-0.3050,18.3050
2016-11-30,-0.2450,18.2450
2016-12-01,2.0300,15.9700
2016-12-02,4.3600,13.6400
2016-12-03,1.9450,16.0550
2016-12-04,0.4550,17.5450
2016-12-05,0.6500,17.3500
2016-12-06,1.3800,16.6200
2016-12-07,3.6750,14.3250
2016-12-08,4.4200,13.5800
2016-12-09,5.7400,12.2600
2016-12-10,5.5500,12.4500
2016-12-11,6.5300,11.4700
2016-12-12,5.5800,12.4200
2016-12-13,5.5600,12.4400
2016-12-14,5.8050,12.1950
2016-12-15,4.9750,13.0250
2016-12-16,4.5550,13.4450
2016-12-17,3.4350,14.5650
2016-12-18,4.0700,13.9300
2016-12-19,3.8950,14.1050
2016-12-20,2.2950,15.7050
2016-12-21,3.4400,14.5600
2016-12-22,4.2400,13.7600
2016-12-23,4.4850,13.5150
2016-12-24,6.6650,11.3350
2016-12-25,8.0500,9.9500
2016-12-26,7.8650,10.1350
2016-12-27,3.7750,14.2250
2016-12-28,2.8600,15.1400
2016-12-29,1.2050,16.7950
2016-12-30,-0.5050,18.5050
2016-12-31,-0.7600,18.7600
2017-01-01,-0.2300,18.2300
2017-01-02,0.6000,17.4000
2017-01-03,0.7750,17.2250
2017-01-04,3.4600,14.5400
2017-01-05,0.5450,17.4550
2017-01-06,-2.6000,20.6000
2017-01-07,-1.2750,19.2750
2017-01-08,1.4100,16.5900
2017-01-09,2.6400,15.3600
2017-01-10,2.5900,15.4100
2017-01-11,4.0500,13.9500
2017-01-12,3.9250,14.0750
2017-01-13,2.0950,15.9050
2017-01-14,1.7400,16.2600
2017-01-15,1.3150,16.6850
2017-01-16,0.0100,17.9900
2017-01-17,-1.6750,19.6750
2017-01-18,-2.5250,20.5250
2017-01-19,-1.9750,19.9750
2017-01-20,-1.7150,19.7150
2017-01-21,-1.9800,19.9800
2017-01-22,-2.5400,20.5400
2017-01-23,-2.6650,20.6650
2017-01-24,-0.7750,18.7750
2017-01-25,-1.2400,19.2400
2017-01-26,-1.8400,19.8400
2017-01-27,0.4200,17.5800
2017-01-28,2.3150,15.6850
2017-01-29,2.3300,15.6700
2017-01-30,4.9050,13.0950
2017-01-31,5.0250,12.9750
2017-02-01,5.7100,12.2900
2017-02-02,7.0850,10.9150
2017-02-03,6.9000,11.1000
2017-02-04,5.1350,12.8650
2017-02-05,4.7200,13.2800
2017-02-06,4.2250,13.7750
2017-02-07,4.5500,13.4500
2017-02-08,2.7950,15.2050
2017-02-09,1.2700,16.7300
2017-02-10,0.6200,17.3800
2017-02-11,0.9500,17.0500
2017-02-12,2.4350,15.5650
2017-02-13,3.8300,14.1700
2017-02-14,4.7650,13.2350
2017-02-15,5.5250,12.4750
2017-02-16,5.9400,12.0600
2017-02-17,5.9950,12.0050
2017-02-18,5.6550,12.3450
2017-02-19,4.5750,13.4250
2017-02-20,8.1050,9.8950
2017-02-21,9.7000,8.3000
2017-02-22,9.9300,8.0700
2017-02-23,9.0450,8.9550
2017-02-24,5.7700,12.2300
2017-02-25,4.9150,13.0850
2017-02-26,7.7500,10.2500
2017-02-27,8.7950,9.2050
2017-02-28,5.4750,12.5250
2017-03-01,6.3950,11.6050
2017-03-02,7.4300,10.5700
2017-03-03,7.1650,10.8350
2017-03-04,8.1000,9.9000
2017-03-05,6.7800,11.2200
2017-03-06,5.9450,12.0550
2017-03-07,6.1950,11.8050
2017-03-08,7.4950,10.5050
2017-03-09,9.9650,8.0350
2017-03-10,7.9750,10.0250
2017-03-11,7.7400,10.2600
2017-03-12,8.1100,9.8900
2017-03-13,7.6650,10.3350
2017-03-14,8.7100,9.2900
2017-03-15,9.7650,8.2350
2017-03-16,9.5700,8.4300
2017-03-17,8.6650,9.3350
2017-03-18,9.9850,8.0150
2017-03-19,11.9750,6.0250
2017-03-20,10.8450,7.1550
2017-03-21,8.8600,9.1400
2017-03-22,7.2700,10.7300
2017-03-23,8.5150,9.4850
2017-03-24,8.8750,9.1250
2017-03-25,9.3000,8.7000
2017-03-26,9.4400,8.5600
2017-03-27,9.3650,8.6350
2017-03-28,10.7850,7.2150
2017-03-29,12.2500,5.7500
2017-03-30,13.9650,4.0350
2017-03-31,13.9300,4.0700
2017-04-01,11.8450,6.1550
2017-04-02,11.1000,6.9000
2017-04-03,11.5000,6.5000
2017-04-04,10.8100,7.1900
2017-04-05,10.2350,7.7650
2017-04-06,9.2200,8.7800
2017-04-07,9.6800,8.3200
2017-04-08,11.1850,6.8150
2017-04-09,12.9550,5.0450
2017-04-10,11.8550,6.1450
2017-04-11,10.1250,7.8750
2017-04-12,11.0150,6.9850
2017-04-13,10.9250,7.0750
2017-04-14,10.7150,7.2850
2017-04-15,10.5250,7.4750
2017-04-16,9.3600,8.6400
2017-04-17,8.3500,9.6500
2017-04-18,6.6650,11.3350
2017-04-19,5.6650,12.3350
2017-04-20,6.2850,11.7150
2017-04-21,9.5250,8.4750
2017-04-22,9.9550,8.0450
2017-04-23,8.5800,9.4200
2017-04-24,9.1050,8.8950
2017-04-25,7.9650,10.0350
2017-04-26,6.9650,11.0350
2017-04-27,7.1450,10.8550
2017-04-28,8.3900,9.6100
2017-04-29,9.6650,8.3350
2017-04-30,11.6100,6.3900
2017-05-01,10.1050,7.8950
2017-05-02,10.0750,7.9250
2017-05-03,9.8700,8.1300
2017-05-04,11.0050,6.9950
2017-05-05,11.1600,6.8400
2017-05-06,12.5900,5.4100
2017-05-07,12.2150,5.7850
2017-05-08,10.6000,7.4000
2017-05-09,10.0850,7.9150
2017-05-10,10.9100,7.0900
2017-05-11,13.9300,4.0700
2017-05-12,14.9300,3.0700
2017-05-13,15.1950,2.8050
2017-05-14,14.8650,3.1350
2017-05-15,15.2500,2.7500
2017-05-16,18.4550,0.0000
2017-05-17,19.1300,0.0000
2017-05-18,17.0250,0.9750
2017-05-19,13.4450,4.5550
2017-05-20,12.6800,5.3200
2017-05-21,14.2400,3.7600
2017-05-22,17.2450,0.7550
2017-05-23,17.4350,0.5650
2017-05-24,17.0750,0.9250
2017-05-25,18.1650,0.0000
2017-05-26,19.3150,0.0000
2017-05-27,21.1650,0.0000
2017-05-28,21.2500,0.0000
2017-05-29,22.2200,0.0000
2017-05-30,20.2400,0.0000
2017-05-31,18.7550,0.0000
2017-06-01,19.2100,0.0000
2017-06-02,20.3900,0.0000
2017-06-03,19.4850,0.0000
2017-06-04,16.6150,1.3850
2017-06-05,16.5750,1.4250
2017-06-06,14.9550,3.0450
2017-06-07,14.7650,3.2350
2017-06-08,17.1250,0.8750
2017-06-09,17.2500,0.7500
2017-06-10,18.3000,0.0000
2017-06-11,20.8550,0.0000
2017-06-12,18.6550,0.0000
2017-06-13,17.9900,0.0100
2017-06-14,19.8700,0.0000
2017-06-15,21.0250,0.0000
2017-06-16,19.0200,0.0000
2017-06-17,19.7100,0.0000
2017-06-18,22.1250,0.0000
2017-06-19,23.7900,0.0000
2017-06-20,24.5650,0.0000
2017-06-21,25.3250,0.0000
2017-06-22,25.5000,0.0000
2017-06-23,21.1950,0.0000
2017-06-24,20.5100,0.0000
2017-06-25,20.2600,0.0000
2017-06-26,20.6150,0.0000
2017-06-27,19.6750,0.0000
2017-06-28,18.8600,0.0000
2017-06-29,17.1450,0.8550
2017-06-30,17.3500,0.6500
2017-07-01,16.6050,1.3950
2017-07-02,17.3250,0.6750
2017-07-03,18.3600,0.0000
2017-07-04,19.5050,0.0000
2017-07-05,21.7150,0.0000
2017-07-06,23.4200,0.0000
2017-07-07,23.7650,0.0000
2017-07-08,22.8500,0.0000
2017-07-09,22.4850,0.0000
2017-07-10,20.5300,0.0000
2017-07-11,19.1200,0.0000
2017-07-12,18.3450,0.0000
2017-07-13,17.2700,0.7300
2017-07-14,17.8600,0.1400
2017-07-15,17.8850,0.1150
2017-07-16,20.1050,0.0000
2017-07-17,20.8000,0.0000
2017-07-18,22.3400,0.0000
2017-07-19,23.8400,0.0000
2017-07-20,20.5400,0.0000
2017-07-21,20.4800,0.0000
2017-07-22,19.7500,0.0000
2017-07-23,18.3700,0.0000
2017-07-24,16.6250,1.3750
2017-07-25,16.7050,1.2950
2017-07-26,18.0400,0.0000
2017-07-27,18.4500,0.0000
2017-07-28,18.6050,0.0000
2017-07-29,20.5200,0.0000
2017-07-30,20.9550,0.0000
2017-07-31,20.2350,0.0000
2017-08-01,20.4350,0.0000
2017-08-02,20.7750,0.0000
2017-08-03,21.6250,0.0000
2017-08-04,20.7300,0.0000
2017-08-05,19.6350,0.0000
2017-08-06,17.9350,0.0650
2017-08-07,18.6900,0.0000
2017-08-08,17.8300,0.1700
2017-08-09,16.8650,1.1350
2017-08-10,16.0700,1.9300
2017-08-11,15.8450,2.1550
2017-08-12,16.9200,1.0800
2017-08-13,17.8000,0.2000
2017-08-14,19.1600,0.0000
2017-08-15,20.2800,0.0000
2017-08-16,19.1050,0.0000
2017-08-17,20.1300,0.0000
2017-08-18,19.0850,0.0000
2017-08-19,17.0800,0.9200
2017-08-20,16.3950,1.6050
2017-08-21,17.3550,0.6450
2017-08-22,18.8050,0.0000
2017-08-23,20.0050,0.0000
2017-08-24,19.4400,0.0000
2017-08-25,19.6100,0.0000
2017-08-26,21.0800,0.0000
2017-08-27,21.3250,0.0000
2017-08-28,21.4550,0.0000
2017-08-29,22.3400,0.0000
2017-08-30,20.2150,0.0000
2017-08-31,17.1850,0.8150
2017-09-01,16.1350,1.8650
2017-09-02,14.9350,3.0650
2017-09-03,15.1500,2.8500
2017-09-04,16.8850,1.1150
2017-09-05,18.9550,0.0000
2017-09-06,17.6200,0.3800
2017-09-07,16.3200,1.6800
2017-09-08,16.7000,1.3000
2017-09-09,15.5450,2.4550
2017-09-10,14.3950,3.6050
2017-09-11,15.0450,2.9550
2017-09-12,14.8000,3.2000
2017-09-13,15.4500,2.5500
2017-09-14,13.1250,4.8750
2017-09-15,12.0550,5.9450
2017-09-16,11.2950,6.7050
2017-09-17,11.3450,6.6550
2017-09-18,11.9000,6.1000
2017-09-19,12.1550,5.8450
2017-09-20,12.5350,5.4650
2017-09-21,13.6200,4.3800
2017-09-22,13.3600,4.6400
2017-09-23,13.7600,4.2400
2017-09-24,14.6750,3.3250
2017-09-25,14.8900,3.1100
2017-09-26,14.8800,3.1200
2017-09-27,14.9350,3.0650
2017-09-28,16.2100,1.7900
2017-09-29,17.1600,0.8400
2017-09-30,14.9250,3.0750
2017-10-01,13.8700,4.1300
2017-10-02,15.2050,2.7950
2017-10-03,13.5600,4.4400
2017-10-04,12.5500,5.4500
2017-10-05,13.5000,4.5000
2017-10-06,11.5300,6.4700
2017-10-07,11.9150,6.0850
2017-10-08,13.0900,4.9100
2017-10-09,12.3200,5.6800
2017-10-10,13.7750,4.2250
2017-10-11,14.8350,3.1650
2017-10-12,14.6850,3.3150
2017-10-13,15.1300,2.8700
2017-10-14,15.3800,2.6200
2017-10-15,14.9100,3.0900
2017-10-16,16.7350,1.2650
2017-10-17,14.4650,3.5350
2017-10-18,13.8900,4.1100
2017-10-19,14.7800,3.2200
2017-10-20,13.2050,4.7950
2017-10-21,13.1550,4.8450
2017-10-22,11.2250,6.7750
2017-10-23,11.5950,6.4050
2017-10-24,14.2800,3.7200
2017-10-25,14.5450,3.4550
2017-10-26,12.4500,5.5500
2017-10-27,12.0900,5.9100
2017-10-28,10.5350,7.4650
2017-10-29,12.0100,5.9900
2017-10-30,8.2200,9.7800
2017-10-31,7.7850,10.2150
2017-11-01,9.3250,8.6750
2017-11-02,9.7800,8.2200
2017-11-03,9.5400,8.4600
2017-11-04,10.5100,7.4900
2017-11-05,8.4050,9.5950
2017-11-06,5.8700,12.1300
2017-11-07,6.1700,11.8300
2017-11-08,6.5600,11.4400
2017-11-09,7.5000,10.5000
2017-11-10,8.2900,9.7100
2017-11-11,7.5900,10.4100
2017-11-12,6.1300,11.8700
2017-11-13,5.7550,12.2450
2017-11-14,5.7050,12.2950
2017-11-15,6.6550,11.3450
2017-11-16,6.2650,11.7350
2017-11-17,5.2850,12.7150
2017-11-18,5.4550,12.5450
2017-11-19,5.9450,12.0550
2017-11-20,6.3150,11.6850
2017-11-21,9.5200,8.4800
2017-11-22,10.2550,7.7450
2017-11-23,10.8250,7.1750
2017-11-24,8.9600,9.0400
2017-11-25,5.1050,12.8950
2017-11-26,3.7900,14.2100
2017-11-27,5.3650,12.6350
2017-11-28,4.8300,13.1700
2017-11-29,2.7950,15.2050
2017-11-30,1.7750,16.2250
2017-12-01,1.2600,16.7400
2017-12-02,0.7250,17.2750
2017-12-03,1.9300,16.0700
2017-12-04,4.5000,13.5000
2017-12-05,5.0000,13.0000
2017-12-06,5.7050,12.2950
2017-12-07,4.9850,13.0150
2017-12-08,3.4450,14.5550
2017-12-09,1.1550,16.8450
2017-12-10,1.9000,16.1000
2017-12-11,3.8900,14.1100
2017-12-12,1.7800,16.2200
2017-12-13,3.6950,14.3050
2017-12-14,4.2550,13.7450
2017-12-15,2.6900,15.3100
2017-12-16,2.1750,15.8250
2017-12-17,2.4700,15.5300
2017-12-18,3.3550,14.6450
2017-12-19,2.1850,15.8150
2017-12-20,5.0250,12.9750
2017-12-21,6.8350,11.1650
2017-12-22,7.2050,10.7950
2017-12-23,7.4900,10.5100
2017-12-24,7.7700,10.2300
2017-12-25,6.8400,11.1600
2017-12-26,5.1400,12.8600
2017-12-27,4.2400,13.7600
2017-12-28,2.5700,15.4300
2017-12-29,2.3350,15.6650
2017-12-30,7.8300,10.1700
2017-12-31,10.2600,7.7400
2018-01-01,6.7050,11.2950
2018-01-02,6.0700,11.9300
2018-01-03,7.9400,10.0600
2018-01-04,8.2050,9.7950
2018-01-05,7.2700,10.7300
2018-01-06,5.7000,12.3000
2018-01-07,4.8350,13.1650
2018-01-08,4.8850,13.1150
2018-01-09,5.1400,12.8600
2018-01-10,6.8750,11.1250
2018-01-11,5.2150,12.7850
2018-01-12,5.1350,12.8650
2018-01-13,4.3800,13.6200
2018-01-14,2.6200,15.3800
2018-01-15,4.6400,13.3600
2018-01-16,5.8200,12.1800
2018-01-17,3.6850,14.3150
2018-01-18,6.0100,11.9900
2018-01-19,3.3150,14.6850
2018-01-20,2.9450,15.0550
2018-01-21,3.8450,14.1550
2018-01-22,6.0000,12.0000
2018-01-23,6.9200,11.0800
2018-01-24,9.6450,8.3550
2018-01-25,7.9050,10.0950
2018-01-26,5.7550,12.2450
2018-01-27,5.0250,12.9750
2018-01-28,7.9800,10.0200
2018-01-29,8.7550,9.2450
2018-01-30,5.7750,12.2250
2018-01-31,7.2450,10.7550
2018-02-01,3.9150,14.0850
2018-02-02,3.0650,14.9350
2018-02-03,2.2750,15.7250
2018-02-04,1.4900,16.5100
2018-02-05,0.5750,17.4250
2018-02-06,-0.1250,18.1250
2018-02-07,-0.1450,18.1450
2018-02-08,-0.7500,18.7500
2018-02-09,0.8050,17.1950
2018-02-10,1.9950,16.0050
2018-02-11,3.8900,14.1100
2018-02-12,1.6800,16.3200
2018-02-13,1.1850,16.8150
2018-02-14,1.1400,16.8600
2018-02-15,4.4450,13.5550
2018-02-16,3.6550,14.3450
2018-02-17,2.7200,15.2800
2018-02-18,2.4850,15.5150
2018-02-19,3.0550,14.9450
2018-02-20,3.1150,14.8850
2018-02-21,1.7150,16.2850
2018-02-22,0.8950,17.1050
2018-02-23,0.0950,17.9050
2018-02-24,0.0350,17.9650
2018-02-25,-1.5250,19.5250
2018-02-26,-2.9700,20.9700
2018-02-27,-4.1550,22.1550
2018-02-28,-4.7450,22.7450
2018-03-01,-2.6700,20.6700
2018-03-02,-1.0000,19.0000
2018-03-03,0.7900,17.2100
2018-03-04,4.4050,13.5950
2018-03-05,6.1350,11.8650
2018-03-06,5.3050,12.6950
2018-03-07,5.2400,12.7600
2018-03-08,5.7200,12.2800
2018-03-09,6.4300,11.5700
2018-03-10,10.4850,7.5150
2018-03-11,9.8950,8.1050
2018-03-12,9.4700,8.5300
2018-03-13,7.6000,10.4000
2018-03-14,7.1700,10.8300
2018-03-15,7.7250,10.2750
2018-03-16,7.6550,10.3450
2018-03-17,1.6700,16.3300
2018-03-18,-0.0250,18.0250
2018-03-19,0.0950,17.9050
2018-03-20,1.8900,16.1100
2018-03-21,2.5050,15.4950
2018-03-22,3.9300,14.0700
2018-03-23,5.6800,12.3200
2018-03-24,6.7050,11.2950
2018-03-25,6.8600,11.1400
2018-03-26,7.0850,10.9150
2018-03-27,6.7100,11.2900
2018-03-28,7.4900,10.5100
2018-03-29,6.2900,11.7100
2018-03-30,7.2150,10.7850
2018-03-31,7.3650,10.6350
2018-04-01,6.8450,11.1550
2018-04-02,8.2500,9.7500
2018-04-03,11.4450,6.5550
2018-04-04,10.3500,7.6500
2018-04-05,8.4350,9.5650
2018-04-06,8.5250,9.4750
2018-04-07,12.0700,5.9300
2018-04-08,12.8500,5.1500
2018-04-09,11.9800,6.0200
2018-04-10,12.4000,5.6000
2018-04-11,11.2400,6.7600
2018-04-12,11.7950,6.2050
2018-04-13,10.7800,7.2200
2018-04-14,11.7500,6.2500
2018-04-15,12.7200,5.2800
2018-04-16,12.8250,5.1750
2018-04-17,14.2650,3.7350
2018-04-18,15.9900,2.0100
2018-04-19,17.6350,0.3650
2018-04-20,17.6850,0.3150
2018-04-21,17.4050,0.5950
2018-04-22,18.1550,0.0000
2018-04-23,14.6950,3.3050
2018-04-24,13.6350,4.3650
2018-04-25,13.1950,4.8050
2018-04-26,11.3350,6.6650
2018-04-27,11.7350,6.2650
2018-04-28,12.4600,5.5400
2018-04-29,12.3700,5.6300
2018-04-30,10.5050,7.4950
2018-05-01,9.2300,8.7700
2018-05-02,10.5300,7.4700
2018-05-03,11.8650,6.1350
2018-05-04,13.2950,4.7050
2018-05-05,15.0500,2.9500
2018-05-06,16.8450,1.1550
2018-05-07,17.5200,0.4800
2018-05-08,18.0750,0.0000
2018-05-09,16.7100,1.2900
2018-05-10,14.1550,3.8450
2018-05-11,14.0650,3.9350
2018-05-12,15.8300,2.1700
2018-05-13,14.4450,3.5550
2018-05-14,15.3700,2.6300
2018-05-15,15.9900,2.0100
2018-05-16,14.5900,3.4100
2018-05-17,13.1550,4.8450
2018-05-18,12.0950,5.9050
2018-05-19,13.3500,4.6500
2018-05-20,15.1000,2.9000
2018-05-21,16.9950,1.0050
2018-05-22,17.2000,0.8000
2018-05-23,17.0800,0.9200
2018-05-24,17.5200,0.4800
2018-05-25,18.2800,0.0000
2018-05-26,20.3950,0.0000
2018-05-27,20.4900,0.0000
2018-05-28,21.1700,0.0000
2018-05-29,19.9250,0.0000
2018-05-30,19.9100,0.0000
2018-05-31,20.0850,0.0000
2018-06-01,18.5650,0.0000
2018-06-02,18.3650,0.0000
2018-06-03,19.6000,0.0000
2018-06-04,19.5700,0.0000
2018-06-05,18.9100,0.0000
2018-06-06,19.3050,0.0000
2018-06-07,20.0900,0.0000
2018-06-08,19.6950,0.0000
2018-06-09,20.1700,0.0000
2018-06-10,20.0650,0.0000
2018-06-11,18.9650,0.0000
2018-06-12,16.5200,1.4800
2018-06-13,15.4900,2.5100
2018-06-14,16.6450,1.3550
2018-06-15,17.5750,0.4250
2018-06-16,18.1950,0.0000
2018-06-17,17.4500,0.5500
2018-06-18,18.4300,0.0000
2018-06-19,19.7800,0.0000
2018-06-20,20.9850,0.0000
2018-06-21,17.9850,0.0150
2018-06-22,14.9100,3.0900
2018-06-23,15.4550,2.5450
2018-06-24,16.6300,1.3700
2018-06-25,18.3350,0.0000
2018-06-26,18.9300,0.0000
2018-06-27,19.6950,0.0000
2018-06-28,21.1550,0.0000
2018-06-29,22.6550,0.0000
2018-06-30,22.8200,0.0000
2018-07-01,22.7750,0.0000
2018-07-02,22.1950,0.0000
2018-07-03,22.0550,0.0000
2018-07-04,22.1950,0.0000
2018-07-05,21.3150,0.0000
2018-07-06,21.9550,0.0000
2018-07-07,22.4200,0.0000
2018-07-08,22.2700,0.0000
2018-07-09,21.5400,0.0000
2018-07-10,18.8550,0.0000
2018-07-11,17.9400,0.0600
2018-07-12,19.5450,0.0000
2018-07-13,20.5300,0.0000
2018-07-14,21.9250,0.0000
2018-07-15,23.0200,0.0000
2018-07-16,22.9250,0.0000
2018-07-17,22.1750,0.0000
2018-07-18,22.1250,0.0000
2018-07-19,22.6800,0.0000
2018-07-20,21.9900,0.0000
2018-07-21,21.2000,0.0000
2018-07-22,21.3600,0.0000
2018-07-23,23.3700,0.0000
2018-07-24,24.4850,0.0000
2018-07-25,25.6850,0.0000
2018-07-26,27.1300,0.0000
2018-07-27,26.6200,0.0000
2018-07-28,22.8150,0.0000
2018-07-29,22.1450,0.0000
2018-07-30,24.3400,0.0000
2018-07-31,24.1550,0.0000
2018-08-01,23.3700,0.0000
2018-08-02,24.3050,0.0000
2018-08-03,26.5900,0.0000
2018-08-04,26.4600,0.0000
2018-08-05,24.3200,0.0000
2018-08-06,25.0400,0.0000
2018-08-07,26.4400,0.0000
2018-08-08,23.4400,0.0000
2018-08-09,20.5600,0.0000
2018-08-10,18.3800,0.0000
2018-08-11,18.4900,0.0000
2018-08-12,20.4000,0.0000
2018-08-13,19.6400,0.0000
2018-08-14,19.7200,0.0000
2018-08-15,20.1750,0.0000
2018-08-16,20.9400,0.0000
2018-08-17,20.4350,0.0000
2018-08-18,20.3450,0.0000
2018-08-19,21.6300,0.0000
2018-08-20,21.9200,0.0000
2018-08-21,22.4450,0.0000
2018-08-22,23.1200,0.0000
2018-08-23,22.3150,0.0000
2018-08-24,18.3900,0.0000
2018-08-25,15.6800,2.3200
2018-08-26,15.5300,2.4700
2018-08-27,18.0300,0.0000
2018-08-28,18.2450,0.0000
2018-08-29,18.4450,0.0000
2018-08-30,17.4800,0.5200
2018-08-31,16.7200,1.2800
2018-09-01,16.5400,1.4600
2018-09-02,16.7350,1.2650
2018-09-03,17.6900,0.3100
2018-09-04,18.8900,0.0000
2018-09-05,19.8300,0.0000
2018-09-06,18.6000,0.0000
2018-09-07,16.3900,1.6100
2018-09-08,15.9400,2.0600
2018-09-09,18.8600,0.0000
2018-09-10,18.8000,0.0000
2018-09-11,19.9900,0.0000
2018-09-12,19.2450,0.0000
2018-09-13,16.7450,1.2550
2018-09-14,16.5200,1.4800
2018-09-15,16.6100,1.3900
2018-09-16,17.3050,0.6950
2018-09-17,19.0350,0.0000
2018-09-18,20.5500,0.0000
2018-09-19,20.8850,0.0000
2018-09-20,20.6100,0.0000
2018-09-21,17.5300,0.4700
2018-09-22,14.5050,3.4950
2018-09-23,14.5400,3.4600
2018-09-24,11.9550,6.0450
2018-09-25,10.9350,7.0650
2018-09-26,11.5050,6.4950
2018-09-27,14.2150,3.7850
2018-09-28,13.5250,4.4750
2018-09-29,11.5000,6.5000
2018-09-30,11.1250,6.8750
2018-10-01,11.1300,6.8700
2018-10-02,11.5050,6.4950
2018-10-03,14.0350,3.9650
2018-10-04,13.1450,4.8550
2018-10-05,14.3000,3.7000
2018-10-06,14.7100,3.2900
2018-10-07,12.9950,5.0050
2018-10-08,12.7500,5.2500
2018-10-09,13.9650,4.0350
2018-10-10,15.9350,2.0650
2018-10-11,17.1900,0.8100
2018-10-12,18.1250,0.0000
2018-10-13,19.4250,0.0000
2018-10-14,17.1950,0.8050
2018-10-15,16.4250,1.5750
2018-10-16,16.4000,1.6000
2018-10-17,15.0750,2.9250
2018-10-18,14.3500,3.6500
2018-10-19,12.7400,5.2600
2018-10-20,11.8950,6.1050
2018-10-21,10.9500,7.0500
2018-10-22,10.5650,7.4350
2018-10-23,10.1550,7.8450
2018-10-24,13.8150,4.1850
2018-10-25,12.1700,5.8300
2018-10-26,10.2350,7.7650
2018-10-27,7.5050,10.4950
2018-10-28,6.7500,11.2500
2018-10-29,6.3800,11.6200
2018-10-30,6.5850,11.4150
2018-10-31,7.9400,10.0600
2018-11-01,9.0350,8.9650
2018-11-02,8.0150,9.9850
2018-11-03,7.6500,10.3500
2018-11-04,9.0050,8.9950
2018-11-05,11.0650,6.9350
2018-11-06,11.9200,6.0800
2018-11-07,11.2900,6.7100
2018-11-08,10.1700,7.8300
2018-11-09,10.2350,7.7650
2018-11-10,11.0500,6.9500
2018-11-11,11.7150,6.2850
2018-11-12,11.7800,6.2200
2018-11-13,10.8800,7.1200
2018-11-14,8.5700,9.4300
2018-11-15,8.0550,9.9450
2018-11-16,6.9300,11.0700
2018-11-17,5.9500,12.0500
2018-11-18,4.5350,13.4650
2018-11-19,4.2400,13.7600
2018-11-20,3.3650,14.6350
2018-11-21,2.4550,15.5450
2018-11-22,2.8150,15.1850
2018-11-23,4.0400,13.9600
2018-11-24,5.7300,12.2700
2018-11-25,5.8750,12.1250
2018-11-26,5.7700,12.2300
2018-11-27,4.7350,13.2650
2018-11-28,7.2100,10.7900
2018-11-29,8.0550,9.9450
2018-11-30,7.0650,10.9350
2018-12-01,7.4150,10.5850
2018-12-02,10.5450,7.4550
2018-12-03,10.7100,7.2900
2018-12-04,6.8800,11.1200
2018-12-05,6.3950,11.6050
2018-12-06,9.7300,8.2700
2018-12-07,9.9300,8.0700
2018-12-08,8.2450,9.7550
2018-12-09,7.9650,10.0350
2018-12-10,6.2650,11.7350
2018-12-11,4.1650,13.8350
2018-12-12,2.5850,15.4150
2018-12-13,1.1800,16.8200
2018-12-14,0.1050,17.8950
2018-12-15,0.1950,17.8050
2018-12-16,2.2100,15.7900
2018-12-17,4.1650,13.8350
2018-12-18,4.9900,13.0100
2018-12-19,5.2800,12.7200
2018-12-20,6.1300,11.8700
2018-12-21,9.0600,8.9400
2018-12-22,9.0000,9.0000
2018-12-23,7.9650,10.0350
2018-12-24,6.1150,11.8850
2018-12-25,2.2950,15.7050
2018-12-26,1.1550,16.8450
2018-12-27,0.2000,17.8000
2018-12-28,1.0300,16.9700
2018-12-29,3.8050,14.1950
2018-12-30,6.6550,11.3450
2018-12-31,6.8200,11.1800
2019-01-01,6.2550,11.7450
2019-01-02,4.3400,13.6600
2019-01-03,2.2650,15.7350
2019-01-04,1.7300,16.2700
2019-01-05,3.8800,14.1200
2019-01-06,5.3600,12.6400
2019-01-07,5.2350,12.7650
2019-01-08,5.9450,12.0550
2019-01-09,3.7650,14.2350
2019-01-10,2.0550,15.9450
2019-01-11,3.2850,14.7150
2019-01-12,5.3900,12.6100
2019-01-13,7.8100,10.1900
2019-01-14,6.2300,11.7700
2019-01-15,5.0350,12.9650
2019-01-16,5.3050,12.6950
2019-01-17,4.2700,13.7300
2019-01-18,1.2950,16.7050
2019-01-19,0.1000,17.9000
2019-01-20,-0.9650,18.9650
2019-01-21,-1.8650,19.8650
2019-01-22,-1.4150,19.4150
2019-01-23,-1.0800,19.0800
2019-01-24,-1.1450,19.1450
2019-01-25,1.3200,16.6800
2019-01-26,5.1750,12.8250
2019-01-27,4.9350,13.0650
2019-01-28,2.7200,15.2800
2019-01-29,1.0000,17.0000
2019-01-30,0.6250,17.3750
2019-01-31,-0.4250,18.4250
2019-02-01,2.4200,15.5800
2019-02-02,2.6250,15.3750
2019-02-03,1.9900,16.0100
2019-02-04,2.2800,15.7200
2019-02-05,3.1250,14.8750
2019-02-06,4.4000,13.6000
2019-02-07,4.8600,13.1400
2019-02-08,6.2800,11.7200
2019-02-09,7.5250,10.4750
2019-02-10,6.8450,11.1550
2019-02-11,4.8950,13.1050
2019-02-12,4.3350,13.6650
2019-02-13,3.8850,14.1150
2019-02-14,3.5000,14.5000
2019-02-15,4.6600,13.3400
2019-02-16,5.9950,12.0050
2019-02-17,6.4600,11.5400
2019-02-18,6.1500,11.8500
2019-02-19,6.0100,11.9900
2019-02-20,5.7050,12.2950
2019-02-21,6.8750,11.1250
2019-02-22,7.9900,10.0100
2019-02-23,6.4700,11.5300
2019-02-24,4.6950,13.3050
2019-02-25,5.8350,12.1650
2019-02-26,7.4550,10.5450
2019-02-27,7.9650,10.0350
2019-02-28,8.6500,9.3500
2019-03-01,8.5150,9.4850
2019-03-02,8.7100,9.2900
2019-03-03,10.4350,7.5650
2019-03-04,8.5100,9.4900
2019-03-05,6.6850,11.3150
2019-03-06,9.2700,8.7300
2019-03-07,9.1400,8.8600
2019-03-08,7.8350,10.1650
2019-03-09,9.6150,8.3850
2019-03-10,9.1850,8.8150
2019-03-11,6.0100,11.9900
2019-03-12,6.5300,11.4700
2019-03-13,7.0200,10.9800
2019-03-14,7.3950,10.6050
2019-03-15,10.1700,7.8300
2019-03-16,10.7350,7.2650
2019-03-17,7.7800,10.2200
2019-03-18,6.0200,11.9800
2019-03-19,5.7400,12.2600
2019-03-20,7.3200,10.6800
2019-03-21,8.1500,9.8500
2019-03-22,9.2750,8.7250
2019-03-23,9.3950,8.6050
2019-03-24,8.4850,9.5150
2019-03-25,7.2200,10.7800
2019-03-26,6.6900,11.3100
2019-03-27,7.6250,10.3750
2019-03-28,8.6950,9.3050
2019-03-29,9.8400,8.1600
2019-03-30,10.7150,7.2850
2019-03-31,10.2650,7.7350
2019-04-01,9.8350,8.1650
2019-04-02,10.3750,7.6250
2019-04-03,7.2700,10.7300
2019-04-04,5.9450,12.0550
2019-04-05,7.5250,10.4750
2019-04-06,9.7350,8.2650
2019-04-07,11.3000,6.7000
2019-04-08,11.0750,6.9250
2019-04-09,10.3200,7.6800
2019-04-10,8.9650,9.0350
2019-04-11,7.0350,10.9650
2019-04-12,5.7750,12.2250
2019-04-13,5.0250,12.9750
2019-04-14,5.1450,12.8550
2019-04-15,8.8800,9.1200
2019-04-16,10.8900,7.1100
2019-04-17,11.9500,6.0500
2019-04-18,14.2450,3.7550
2019-04-19,15.2500,2.7500
2019-04-20,15.8600,2.1400
2019-04-21,15.4850,2.5150
2019-04-22,15.9600,2.0400
2019-04-23,15.4550,2.5450
2019-04-24,15.2500,2.7500
2019-04-25,13.3550,4.6450
2019-04-26,11.3050,6.6950
2019-04-27,10.3400,7.6600
2019-04-28,9.4400,8.5600
2019-04-29,9.3800,8.6200
2019-04-30,11.6650,6.3350
2019-05-01,12.5300,5.4700
2019-05-02,12.2650,5.7350
2019-05-03,10.5600,7.4400
2019-05-04,7.6300,10.3700
2019-05-05,7.3700,10.6300
2019-05-06,8.1350,9.8650
2019-05-07,9.6950,8.3050
2019-05-08,10.5900,7.4100
2019-05-09,11.3400,6.6600
2019-05-10,11.9050,6.0950
2019-05-11,10.8100,7.1900
2019-05-12,10.0700,7.9300
2019-05-13,10.6350,7.3650
2019-05-14,11.0350,6.9650
2019-05-15,10.7700,7.2300
2019-05-16,11.5300,6.4700
2019-05-17,12.5900,5.4100
2019-05-18,14.1850,3.8150
2019-05-19,14.4550,3.5450
2019-05-20,14.4050,3.5950
2019-05-21,13.9750,4.0250
2019-05-22,14.0700,3.9300
2019-05-23,15.4050,2.5950
2019-05-24,16.4200,1.5800
2019-05-25,16.0850,1.9150
2019-05-26,16.2950,1.7050
2019-05-27,15.1100,2.8900
2019-05-28,13.3950,4.6050
2019-05-29,13.2350,4.7650
2019-05-30,16.4950,1.5050
2019-05-31,17.7200,0.2800
2019-06-01,19.8450,0.0000
2019-06-02,22.5850,0.0000
2019-06-03,19.6700,0.0000
2019-06-04,19.8300,0.0000
2019-06-05,19.4550,0.0000
2019-06-06,15.8150,2.1850
2019-06-07,16.0650,1.9350
2019-06-08,15.9700,2.0300
2019-06-09,16.6000,1.4000
2019-06-10,16.6200,1.3800
2019-06-11,15.9100,2.0900
2019-06-12,15.4500,2.5500
2019-06-13,15.8050,2.1950
2019-06-14,17.7800,0.2200
2019-06-15,18.3100,0.0000
2019-06-16,17.4950,0.5050
2019-06-17,19.1200,0.0000
2019-06-18,20.4500,0.0000
2019-06-19,21.4500,0.0000
2019-06-20,18.7550,0.0000
2019-06-21,18.1300,0.0000
2019-06-22,18.5350,0.0000
2019-06-23,21.4950,0.0000
2019-06-24,24.2250,0.0000
2019-06-25,25.6300,0.0000
2019-06-26,25.4650,0.0000
2019-06-27,23.2700,0.0000
2019-06-28,21.9500,0.0000
2019-06-29,24.6350,0.0000
2019-06-30,24.7150,0.0000
2019-07-01,21.6700,0.0000
2019-07-02,19.9350,0.0000
2019-07-03,19.4450,0.0000
2019-07-04,19.4750,0.0000
2019-07-05,21.7350,0.0000
2019-07-06,22.3500,0.0000
2019-07-07,19.1900,0.0000
2019-07-08,17.6000,0.4000
2019-07-09,17.5100,0.4900
2019-07-10,19.2150,0.0000
2019-07-11,19.6200,0.0000
2019-07-12,19.5850,0.0000
2019-07-13,19.2050,0.0000
2019-07-14,17.8450,0.1550
2019-07-15,17.2250,0.7750
2019-07-16,18.2300,0.0000
2019-07-17,20.0400,0.0000
2019-07-18,20.2500,0.0000
2019-07-19,20.3700,0.0000
2019-07-20,22.3200,0.0000
2019-07-21,21.5250,0.0000
2019-07-22,22.7350,0.0000
2019-07-23,25.6050,0.0000
2019-07-24,28.2850,0.0000
2019-07-25,29.8100,0.0000
2019-07-26,27.6050,0.0000
2019-07-27,21.7300,0.0000
2019-07-28,20.1250,0.0000
2019-07-29,20.9550,0.0000
2019-07-30,21.9600,0.0000
2019-07-31,20.4400,0.0000
2019-08-01,20.4900,0.0000
2019-08-02,20.3700,0.0000
2019-08-03,19.8650,0.0000
2019-08-04,21.2300,0.0000
2019-08-05,22.1700,0.0000
2019-08-06,20.6800,0.0000
2019-08-07,19.5000,0.0000
2019-08-08,20.4900,0.0000
2019-08-09,22.0200,0.0000
2019-08-10,21.4400,0.0000
2019-08-11,19.4650,0.0000
2019-08-12,17.7150,0.2850
2019-08-13,16.6150,1.3850
2019-08-14,17.0500,0.9500
2019-08-15,18.6200,0.0000
2019-08-16,18.2100,0.0000
2019-08-17,19.0750,0.0000
2019-08-18,19.7550,0.0000
2019-08-19,18.8800,0.0000
2019-08-20,17.4100,0.5900
2019-08-21,17.5150,0.4850
2019-08-22,18.3300,0.0000
2019-08-23,19.8200,0.0000
2019-08-24,21.4500,0.0000
2019-08-25,23.7700,0.0000
2019-08-26,24.0900,0.0000
2019-08-27,24.7650,0.0000
2019-08-28,23.6050,0.0000
2019-08-29,21.4150,0.0000
2019-08-30,20.8100,0.0000
2019-08-31,21.6900,0.0000
2019-09-01,19.1000,0.0000
2019-09-02,17.1950,0.8050
2019-09-03,17.9700,0.0300
2019-09-04,18.2150,0.0000
2019-09-05,16.1450,1.8550
2019-09-06,14.7200,3.2800
2019-09-07,14.5000,3.5000
2019-09-08,13.5950,4.4050
2019-09-09,13.7500,4.2500
2019-09-10,14.5150,3.4850
2019-09-11,16.2450,1.7550
2019-09-12,18.7550,0.0000
2019-09-13,18.3700,0.0000
2019-09-14,17.5800,0.4200
2019-09-15,18.0800,0.0000
2019-09-16,17.3200,0.6800
2019-09-17,16.5000,1.5000
2019-09-18,14.0300,3.9700
2019-09-19,13.7950,4.2050
2019-09-20,13.9500,4.0500
2019-09-21,16.5100,1.4900
2019-09-22,17.6350,0.3650
2019-09-23,16.2650,1.7350
2019-09-24,15.9250,2.0750
2019-09-25,15.8000,2.2000
2019-09-26,16.5150,1.4850
2019-09-27,15.9200,2.0800
2019-09-28,15.7400,2.2600
2019-09-29,16.4900,1.5100
2019-09-30,15.5950,2.4050
2019-10-01,16.2100,1.7900
2019-10-02,12.7600,5.2400
2019-10-03,10.5350,7.4650
2019-10-04,11.9500,6.0500
2019-10-05,12.3250,5.6750
2019-10-06,11.6400,6.3600
2019-10-07,11.8450,6.1550
2019-10-08,13.3700,4.6300
2019-10-09,12.1700,5.8300
2019-10-10,12.4350,5.5650
2019-10-11,14.0150,3.9850
2019-10-12,14.4650,3.5350
2019-10-13,16.7750,1.2250
2019-10-14,16.1100,1.8900
2019-10-15,14.5650,3.4350
2019-10-16,13.1700,4.8300
2019-10-17,13.5500,4.4500
2019-10-18,13.3650,4.6350
2019-10-19,12.6750,5.3250
2019-10-20,12.4250,5.5750
2019-10-21,13.1400,4.8600
2019-10-22,11.6550,6.3450
2019-10-23,12.1450,5.8550
2019-10-24,13.5550,4.4450
2019-10-25,13.3450,4.6550
2019-10-26,14.2700,3.7300
2019-10-27,10.8750,7.1250
2019-10-28,8.0650,9.9350
2019-10-29,8.6800,9.3200
2019-10-30,7.5250,10.4750
2019-10-31,6.7300,11.2700
2019-11-01,9.2500,8.7500
2019-11-02,12.6100,5.3900
2019-11-03,10.9100,7.0900
2019-11-04,10.2050,7.7950
2019-11-05,9.1050,8.8950
2019-11-06,8.0350,9.9650
2019-11-07,7.9450,10.0550
2019-11-08,6.0450,11.9550
2019-11-09,6.0550,11.9450
2019-11-10,4.8950,13.1050
2019-11-11,4.6900,13.3100
2019-11-12,5.5550,12.4450
2019-11-13,5.6200,12.3800
2019-11-14,5.3650,12.6350
2019-11-15,4.7650,13.2350
2019-11-16,4.6750,13.3250
2019-11-17,4.1450,13.8550
2019-11-18,5.3300,12.6700
2019-11-19,4.7100,13.2900
2019-11-20,3.5050,14.4950
2019-11-21,4.0100,13.9900
2019-11-22,5.7350,12.2650
2019-11-23,7.6050,10.3950
2019-11-24,7.2550,10.7450
2019-11-25,7.8050,10.1950
2019-11-26,9.3600,8.6400
2019-11-27,9.6400,8.3600
2019-11-28,9.3000,8.7000
2019-11-29,6.4600,11.5400
2019-11-30,3.4150,14.5850
2019-12-01,2.8450,15.1550
2019-12-02,2.4550,15.5450
2019-12-03,3.5150,14.4850
2019-12-04,1.8550,16.1450
2019-12-05,0.5600,17.4400
2019-12-06,4.2900,13.7100
2019-12-07,7.2300,10.7700
2019-12-08,8.6950,9.3050
2019-12-09,6.6750,11.3250
2019-12-10,4.4300,13.5700
2019-12-11,4.3600,13.6400
2019-12-12,3.8350,14.1650
2019-12-13,4.5800,13.4200
2019-12-14,6.2850,11.7150
2019-12-15,7.5500,10.4500
2019-12-16,7.7200,10.2800
2019-12-17,8.5250,9.4750
2019-12-18,7.7350,10.2650
2019-12-19,9.0750,8.9250
2019-12-20,8.0900,9.9100
2019-12-21,7.3600,10.6400
2019-12-22,7.4850,10.5150
2019-12-23,7.3700,10.6300
2019-12-24,8.0050,9.9950
2019-12-25,6.7550,11.2450
2019-12-26,4.8650,13.1350
2019-12-27,5.5750,12.4250
2019-12-28,3.5150,14.4850
2019-12-29,1.2250,16.7750
2019-12-30,1.7300,16.2700
2019-12-31,1.6100,16.3900
2020-01-01,1.4000,16.6000
2020-01-02,3.4550,14.5450
2020-01-03,6.4150,11.5850
2020-01-04,5.2550,12.7450
2020-01-05,5.5550,12.4450
2020-01-06,3.6500,14.3500
2020-01-07,5.3800,12.6200
2020-01-08,7.6550,10.3450
2020-01-09,9.1550,8.8450
2020-01-10,6.9250,11.0750
2020-01-11,4.5350,13.4650
2020-01-12,5.1500,12.8500
2020-01-13,6.0950,11.9050
2020-01-14,8.4050,9.5950
2020-01-15,8.6500,9.3500
2020-01-16,7.5700,10.4300
2020-01-17,6.8750,11.1250
2020-01-18,3.8850,14.1150
2020-01-19,2.4450,15.5550
2020-01-20,2.2000,15.8000
2020-01-21,0.1000,17.9000
2020-01-22,0.4650,17.5350
2020-01-23,2.0900,15.9100
2020-01-24,1.2600,16.7400
2020-01-25,1.5750,16.4250
2020-01-26,4.1050,13.8950
2020-01-27,6.2000,11.8000
2020-01-28,5.3700,12.6300
2020-01-29,4.6450,13.3550
2020-01-30,7.3250,10.6750
2020-01-31,10.5400,7.4600
2020-02-01,10.6600,7.3400
2020-02-02,9.7350,8.2650
2020-02-03,10.1450,7.8550
2020-02-04,6.0150,11.9850
2020-02-05,4.7150,13.2850
2020-02-06,2.5550,15.4450
2020-02-07,2.8900,15.1100
2020-02-08,5.0500,12.9500
2020-02-09,8.0450,9.9550
2020-02-10,8.3200,9.6800
2020-02-11,5.8050,12.1950
2020-02-12,5.0650,12.9350
2020-02-13,5.4700,12.5300
2020-02-14,6.9350,11.0650
2020-02-15,8.4500,9.5500
2020-02-16,11.4900,6.5100
2020-02-17,8.5000,9.5000
2020-02-18,6.9600,11.0400
2020-02-19,6.1800,11.8200
2020-02-20,7.5700,10.4300
2020-02-21,6.1350,11.8650
2020-02-22,8.1750,9.8250
2020-02-23,10.1250,7.8750
2020-02-24,8.8650,9.1350
2020-02-25,7.8750,10.1250
2020-02-26,4.3450,13.6550
2020-02-27,3.3000,14.7000
2020-02-28,4.8350,13.1650
2020-02-29,8.1350,9.8650
2020-03-01,6.6550,11.3450
2020-03-02,5.9750,12.0250
2020-03-03,5.1700,12.8300
2020-03-04,4.6950,13.3050
2020-03-05,6.1400,11.8600
2020-03-06,5.9250,12.0750
2020-03-07,6.2550,11.7450
2020-03-08,8.2150,9.7850
2020-03-09,7.2700,10.7300
2020-03-10,9.4300,8.5700
2020-03-11,12.1150,5.8850
2020-03-12,9.9150,8.0850
2020-03-13,7.5900,10.4100
2020-03-14,6.8200,11.1800
2020-03-15,8.7250,9.2750
2020-03-16,8.3800,9.6200
2020-03-17,9.2300,8.7700
2020-03-18,10.3450,7.6550
2020-03-19,10.1400,7.8600
2020-03-20,9.6450,8.3550
2020-03-21,6.6250,11.3750
2020-03-22,5.5700,12.4300
2020-03-23,4.2300,13.7700
2020-03-24,4.2600,13.7400
2020-03-25,4.4350,13.5650
2020-03-26,5.1050,12.8950
2020-03-27,7.7700,10.2300
2020-03-28,9.2450,8.7550
2020-03-29,5.7700,12.2300
2020-03-30,4.3300,13.6700
2020-03-31,4.9900,13.0100
2020-04-01,3.9100,14.0900
2020-04-02,5.9200,12.0800
2020-04-03,7.8100,10.1900
2020-04-04,8.4900,9.5100
2020-04-05,11.2900,6.7100
2020-04-06,12.3650,5.6350
2020-04-07,13.1050,4.8950
2020-04-08,14.5950,3.4050
2020-04-09,14.8200,3.1800
2020-04-10,14.5650,3.4350
2020-04-11,14.6500,3.3500
2020-04-12,15.1050,2.8950
2020-04-13,10.7050,7.2950
2020-04-14,7.6000,10.4000
2020-04-15,9.1900,8.8100
2020-04-16,13.0050,4.9950
2020-04-17,14.1600,3.8400
2020-04-18,14.2500,3.7500
2020-04-19,13.3200,4.6800
2020-04-20,13.1500,4.8500
2020-04-21,14.0400,3.9600
2020-04-22,14.8550,3.1450
2020-04-23,15.2150,2.7850
2020-04-24,15.1550,2.8450
2020-04-25,12.6000,5.4000
2020-04-26,12.5950,5.4050
2020-04-27,14.2650,3.7350
2020-04-28,12.9100,5.0900
2020-04-29,12.9100,5.0900
2020-04-30,11.7100,6.2900
2020-05-01,11.1450,6.8550
2020-05-02,11.1750,6.8250
2020-05-03,11.8600,6.1400
2020-05-04,13.0200,4.9800
2020-05-05,11.2150,6.7850
2020-05-06,11.8650,6.1350
2020-05-07,13.6800,4.3200
2020-05-08,16.2800,1.7200
2020-05-09,16.3600,1.6400
2020-05-10,15.5300,2.4700
2020-05-11,9.2900,8.7100
2020-05-12,9.2600,8.7400
2020-05-13,10.2500,7.7500
2020-05-14,10.3850,7.6150
2020-05-15,11.5650,6.4350
2020-05-16,12.6050,5.3950
2020-05-17,13.9450,4.0550
2020-05-18,16.2350,1.7650
2020-05-19,17.4650,0.5350
2020-05-20,18.9150,0.0000
2020-05-21,19.8400,0.0000
2020-05-22,19.6200,0.0000
2020-05-23,15.6250,2.3750
2020-05-24,14.8450,3.1550
2020-05-25,16.6450,1.3550
2020-05-26,16.9550,1.0450
2020-05-27,17.8500,0.1500
2020-05-28,17.1600,0.8400
2020-05-29,16.6700,1.3300
2020-05-30,17.2650,0.7350
2020-05-31,17.3400,0.6600
2020-06-01,19.0850,0.0000
2020-06-02,20.4900,0.0000
2020-06-03,19.0450,0.0000
2020-06-04,14.7100,3.2900
2020-06-05,13.1450,4.8550
2020-06-06,13.4200,4.5800
2020-06-07,14.1950,3.8050
2020-06-08,14.3900,3.6100
2020-06-09,14.4800,3.5200
2020-06-10,14.7650,3.2350
2020-06-11,15.7300,2.2700
2020-06-12,18.3650,0.0000
2020-06-13,19.2050,0.0000
2020-06-14,18.1850,0.0000
2020-06-15,17.9450,0.0550
2020-06-16,17.6400,0.3600
2020-06-17,17.7950,0.2050
2020-06-18,17.2050,0.7950
2020-06-19,17.1500,0.8500
2020-06-20,18.0550,0.0000
2020-06-21,18.6900,0.0000
2020-06-22,18.6250,0.0000
2020-06-23,20.6000,0.0000
2020-06-24,22.8400,0.0000
2020-06-25,23.2750,0.0000
2020-06-26,23.2100,0.0000
2020-06-27,21.0600,0.0000
2020-06-28,19.2000,0.0000
2020-06-29,17.8150,0.1850
2020-06-30,18.1200,0.0000
2020-07-01,20.1200,0.0000
2020-07-02,19.0450,0.0000
2020-07-03,18.1350,0.0000
2020-07-04,19.4300,0.0000
2020-07-05,21.0350,0.0000
2020-07-06,17.7250,0.2750
2020-07-07,16.9150,1.0850
2020-07-08,17.3600,0.6400
2020-07-09,20.5900,0.0000
2020-07-10,18.9500,0.0000
2020-07-11,17.2650,0.7350
2020-07-12,18.0650,0.0000
2020-07-13,19.6150,0.0000
2020-07-14,19.1850,0.0000
2020-07-15,17.8150,0.1850
2020-07-16,17.8800,0.1200
2020-07-17,19.9600,0.0000
2020-07-18,20.5900,0.0000
2020-07-19,20.7200,0.0000
2020-07-20,19.8650,0.0000
2020-07-21,19.1150,0.0000
2020-07-22,19.6000,0.0000
2020-07-23,20.6950,0.0000
2020-07-24,20.7950,0.0000
2020-07-25,20.9250,0.0000
2020-07-26,20.4700,0.0000
2020-07-27,21.1900,0.0000
2020-07-28,20.9650,0.0000
2020-07-29,19.5250,0.0000
2020-07-30,21.9750,0.0000
2020-07-31,25.8850,0.0000
2020-08-01,24.3900,0.0000
2020-08-02,21.2450,0.0000
2020-08-03,18.7800,0.0000
2020-08-04,18.8300,0.0000
2020-08-05,21.1100,0.0000
2020-08-06,23.1800,0.0000
2020-08-07,25.9500,0.0000
2020-08-08,27.5500,0.0000
2020-08-09,27.7750,0.0000
2020-08-10,27.4450,0.0000
2020-08-11,27.5400,0.0000
2020-08-12,26.9550,0.0000
2020-08-13,23.8850,0.0000
2020-08-14,21.8000,0.0000
2020-08-15,22.0250,0.0000
2020-08-16,22.3750,0.0000
2020-08-17,19.9500,0.0000
2020-08-18,20.3050,0.0000
2020-08-19,20.4200,0.0000
2020-08-20,23.2200,0.0000
2020-08-21,23.9500,0.0000
2020-08-22,21.4050,0.0000
2020-08-23,19.2900,0.0000
2020-08-24,18.1550,0.0000
2020-08-25,18.9900,0.0000
2020-08-26,19.6650,0.0000
2020-08-27,18.0500,0.0000
2020-08-28,17.6200,0.3800
2020-08-29,15.9700,2.0300
2020-08-30,15.7500,2.2500
2020-08-31,15.3550,2.6450
2020-09-01,15.6400,2.3600
2020-09-02,15.6800,2.3200
2020-09-03,17.5550,0.4450
2020-09-04,19.4650,0.0000
2020-09-05,16.9900,1.0100
2020-09-06,15.4500,2.5500
2020-09-07,15.9550,2.0450
2020-09-08,18.2050,0.0000
2020-09-09,19.2150,0.0000
2020-09-10,18.0300,0.0000
2020-09-11,17.7750,0.2250
2020-09-12,18.1950,0.0000
2020-09-13,19.1350,0.0000
2020-09-14,21.1200,0.0000
2020-09-15,22.6100,0.0000
2020-09-16,21.9200,0.0000
2020-09-17,18.3050,0.0000
2020-09-18,17.9200,0.0800
2020-09-19,18.7850,0.0000
2020-09-20,18.4700,0.0000
2020-09-21,17.6450,0.3550
2020-09-22,17.6700,0.3300
2020-09-23,17.9650,0.0350
2020-09-24,15.1550,2.8450
2020-09-25,12.0350,5.9650
2020-09-26,11.3850,6.6150
2020-09-27,11.8450,6.1550
2020-09-28,12.3050,5.6950
2020-09-29,14.1200,3.8800
2020-09-30,14.6300,3.3700
2020-10-01,13.7100,4.2900
2020-10-02,13.7500,4.2500
2020-10-03,13.1750,4.8250
2020-10-04,11.7450,6.2550
2020-10-05,11.9350,6.0650
2020-10-06,12.6650,5.3350
2020-10-07,12.9250,5.0750
2020-10-08,13.9900,4.0100
2020-10-09,12.9900,5.0100
2020-10-10,10.7150,7.2850
2020-10-11,9.6350,8.3650
2020-10-12,9.6000,8.4000
2020-10-13,8.9450,9.0550
2020-10-14,9.1200,8.8800
2020-10-15,9.3000,8.7000
2020-10-16,9.2550,8.7450
2020-10-17,9.1150,8.8850
2020-10-18,8.8950,9.1050
2020-10-19,9.5650,8.4350
2020-10-20,11.4950,6.5050
2020-10-21,14.6750,3.3250
2020-10-22,14.6450,3.3550
2020-10-23,13.5650,4.4350
2020-10-24,13.1100,4.8900
2020-10-25,12.3200,5.6800
2020-10-26,10.2750,7.7250
2020-10-27,9.5550,8.4450
2020-10-28,11.0400,6.9600
2020-10-29,11.2300,6.7700
2020-10-30,13.5850,4.4150
2020-10-31,12.9200,5.0800
2020-11-01,13.9550,4.0450
2020-11-02,16.0100,1.9900
2020-11-03,10.4650,7.5350
2020-11-04,7.1000,10.9000
2020-11-05,6.3950,11.6050
2020-11-06,6.3300,11.6700
2020-11-07,7.8550,10.1450
2020-11-08,9.6250,8.3750
2020-11-09,10.3600,7.6400
2020-11-10,9.7100,8.2900
2020-11-11,9.5150,8.4850
2020-11-12,10.0500,7.9500
2020-11-13,9.7250,8.2750
2020-11-14,11.5250,6.4750
2020-11-15,11.9500,6.0500
2020-11-16,10.6300,7.3700
2020-11-17,11.0350,6.9650
2020-11-18,10.4900,7.5100
2020-11-19,8.6300,9.3700
2020-11-20,5.3300,12.6700
2020-11-21,5.9850,12.0150
2020-11-22,6.5350,11.4650
2020-11-23,6.6250,11.3750
2020-11-24,6.4100,11.5900
2020-11-25,6.3250,11.6750
2020-11-26,4.0250,13.9750
2020-11-27,3.7900,14.2100
2020-11-28,4.0700,13.9300
2020-11-29,3.1550,14.8450
2020-11-30,2.1700,15.8300
2020-12-01,4.2000,13.8000
2020-12-02,3.4950,14.5050
2020-12-03,3.9300,14.0700
2020-12-04,4.1450,13.8550
2020-12-05,3.1350,14.8650
2020-12-06,2.9150,15.0850
2020-12-07,3.1750,14.8250
2020-12-08,1.7400,16.2600
2020-12-09,2.3700,15.6300
2020-12-10,3.3050,14.6950
2020-12-11,4.3850,13.6150
2020-12-12,5.8950,12.1050
2020-12-13,5.0950,12.9050
2020-12-14,7.1850,10.8150
2020-12-15,7.2550,10.7450
2020-12-16,7.5100,10.4900
2020-12-17,7.6450,10.3550
2020-12-18,7.0450,10.9550
2020-12-19,7.6150,10.3850
2020-12-20,7.2000,10.8000
2020-12-21,7.9900,10.0100
2020-12-22,11.5100,6.4900
2020-12-23,11.1400,6.8600
2020-12-24,6.5000,11.5000
2020-12-25,3.0100,14.9900
2020-12-26,2.8800,15.1200
2020-12-27,4.2200,13.7800
2020-12-28,2.8350,15.1650
2020-12-29,2.0650,15.9350
2020-12-30,2.3350,15.6650
2020-12-31,1.4700,16.5300
2021-01-01,1.3050,16.6950
2021-01-02,1.3350,16.6650
2021-01-03,1.7950,16.2050
2021-01-04,2.1750,15.8250
2021-01-05,2.3000,15.7000
2021-01-06,2.2150,15.7850
2021-01-07,0.9800,17.0200
2021-01-08,0.6850,17.3150
2021-01-09,-0.2950,18.2950
2021-01-10,-0.0650,18.0650
2021-01-11,1.0400,16.9600
2021-01-12,4.0550,13.9450
2021-01-13,3.7050,14.2950
2021-01-14,3.8000,14.2000
2021-01-15,0.7400,17.2600
2021-01-16,0.3600,17.6400
2021-01-17,2.0250,15.9750
2021-01-18,3.2050,14.7950
2021-01-19,5.2050,12.7950
2021-01-20,6.6550,11.3450
2021-01-21,7.0900,10.9100
2021-01-22,4.7900,13.2100
2021-01-23,2.8450,15.1550
2021-01-24,1.1750,16.8250
2021-01-25,1.0150,16.9850
2021-01-26,2.1500,15.8500
2021-01-27,3.5600,14.4400
2021-01-28,7.3300,10.6700
2021-01-29,8.3300,9.6700
2021-01-30,4.9350,13.0650
2021-01-31,2.9600,15.0400
2021-02-01,4.3050,13.6950
2021-02-02,7.1050,10.8950
2021-02-03,8.9300,9.0700
2021-02-04,7.0750,10.9250
2021-02-05,6.5850,11.4150
2021-02-06,5.4500,12.5500
2021-02-07,2.1000,15.9000
2021-02-08,-1.8450,19.8450
2021-02-09,-3.0800,21.0800
2021-02-10,-3.8550,21.8550
2021-02-11,-3.1300,21.1300
2021-02-12,-3.2850,21.2850
2021-02-13,-3.7850,21.7850
2021-02-14,-1.3750,19.3750
2021-02-15,2.7300,15.2700
2021-02-16,6.0800,11.9200
2021-02-17,7.8750,10.1250
2021-02-18,6.8750,11.1250
2021-02-19,7.1500,10.8500
2021-02-20,10.4650,7.5350
2021-02-21,9.9850,8.0150
2021-02-22,8.8350,9.1650
2021-02-23,10.3600,7.6400
2021-02-24,11.7000,6.3000
2021-02-25,10.3300,7.6700
2021-02-26,6.7300,11.2700
2021-02-27,5.2800,12.7200
2021-02-28,5.1100,12.8900
2021-03-01,5.4900,12.5100
2021-03-02,6.4100,11.5900
2021-03-03,6.7000,11.3000
2021-03-04,6.8900,11.1100
2021-03-05,4.3600,13.6400
2021-03-06,2.3150,15.6850
2021-03-07,2.1100,15.8900
2021-03-08,2.8600,15.1400
2021-03-09,4.6750,13.3250
2021-03-10,5.8700,12.1300
2021-03-11,9.1600,8.8400
2021-03-12,7.4150,10.5850
2021-03-13,7.2050,10.7950
2021-03-14,6.0450,11.9550
2021-03-15,6.8800,11.1200
2021-03-16,6.8000,11.2000
2021-03-17,5.5900,12.4100
2021-03-18,4.4250,13.5750
2021-03-19,4.7850,13.2150
2021-03-20,3.4800,14.5200
2021-03-21,6.0550,11.9450
2021-03-22,5.7150,12.2850
2021-03-23,6.5850,11.4150
2021-03-24,7.1750,10.8250
2021-03-25,8.1250,9.8750
2021-03-26,9.5150,8.4850
2021-03-27,7.7650,10.2350
2021-03-28,9.4200,8.5800
2021-03-29,11.4250,6.5750
2021-03-30,12.2250,5.7750
2021-03-31,14.1300,3.8700
2021-04-01,13.4700,4.5300
2021-04-02,8.7150,9.2850
2021-04-03,7.7150,10.2850
2021-04-04,7.0000,11.0000
2021-04-05,5.1050,12.8950
2021-04-06,3.1450,14.8550
2021-04-07,3.0150,14.9850
2021-04-08,5.1300,12.8700
2021-04-09,7.9200,10.0800
2021-04-10,8.4900,9.5100
2021-04-11,6.7000,11.3000
2021-04-12,4.8200,13.1800
2021-04-13,4.7300,13.2700
2021-04-14,5.1800,12.8200
2021-04-15,5.0000,13.0000
2021-04-16,5.5800,12.4200
2021-04-17,7.0750,10.9250
2021-04-18,8.1100,9.8900
2021-04-19,9.1100,8.8900
2021-04-20,10.3150,7.6850
2021-04-21,10.2700,7.7300
2021-04-22,8.9450,9.0550
2021-04-23,9.0500,8.9500
2021-04-24,10.1500,7.8500
2021-04-25,9.3250,8.6750
2021-04-26,9.0700,8.9300
2021-04-27,9.8600,8.1400
2021-04-28,11.2650,6.7350
2021-04-29,10.0400,7.9600
2021-04-30,8.4000,9.6000
2021-05-01,9.0650,8.9350
2021-05-02,9.1100,8.8900
2021-05-03,9.4800,8.5200
2021-05-04,10.7100,7.2900
2021-05-05,8.6850,9.3150
2021-05-06,7.8700,10.1300
2021-05-07,9.1350,8.8650
2021-05-08,11.3350,6.6650
2021-05-09,17.2700,0.7300
2021-05-10,15.5700,2.4300
2021-05-11,12.8750,5.1250
2021-05-12,12.6600,5.3400
2021-05-13,12.5600,5.4400
2021-05-14,11.6250,6.3750
2021-05-15,11.3450,6.6550
2021-05-16,11.7400,6.2600
2021-05-17,12.1350,5.8650
2021-05-18,11.8950,6.1050
2021-05-19,11.7100,6.2900
2021-05-20,12.0150,5.9850
2021-05-21,13.3300,4.6700
2021-05-22,11.9450,6.0550
2021-05-23,12.1200,5.8800
2021-05-24,12.4150,5.5850
2021-05-25,10.9700,7.0300
2021-05-26,11.3500,6.6500
2021-05-27,12.3100,5.6900
2021-05-28,13.8200,4.1800
2021-05-29,14.7450,3.2550
2021-05-30,14.9050,3.0950
2021-05-31,16.1200,1.8800
2021-06-01,17.8800,0.1200
2021-06-02,19.4350,0.0000
2021-06-03,20.4450,0.0000
2021-06-04,18.9400,0.0000
2021-06-05,17.9000,0.1000
2021-06-06,17.6550,0.3450
2021-06-07,17.9600,0.0400
2021-06-08,18.9600,0.0000
2021-06-09,19.6450,0.0000
2021-06-10,20.0300,0.0000
2021-06-11,20.6350,0.0000
2021-06-12,19.7000,0.0000
2021-06-13,19.2700,0.0000
2021-06-14,21.0650,0.0000
2021-06-15,21.8250,0.0000
2021-06-16,23.9250,0.0000
2021-06-17,24.5150,0.0000
2021-06-18,23.2350,0.0000
2021-06-19,21.9550,0.0000
2021-06-20,20.9550,0.0000
2021-06-21,18.9100,0.0000
2021-06-22,16.5750,1.4250
2021-06-23,16.6300,1.3700
2021-06-24,16.6550,1.3450
2021-06-25,17.5900,0.4100
2021-06-26,18.5750,0.0000
2021-06-27,20.2900,0.0000
2021-06-28,20.5650,0.0000
2021-06-29,18.3700,0.0000
2021-06-30,16.2700,1.7300
2021-07-01,16.7100,1.2900
2021-07-02,18.6900,0.0000
2021-07-03,19.7300,0.0000
2021-07-04,18.2550,0.0000
2021-07-05,17.9150,0.0850
2021-07-06,18.2950,0.0000
2021-07-07,18.4450,0.0000
2021-07-08,17.9950,0.0050
2021-07-09,18.1650,0.0000
2021-07-10,17.9700,0.0300
2021-07-11,18.2350,0.0000
2021-07-12,19.0000,0.0000
2021-07-13,18.4500,0.0000
2021-07-14,17.6550,0.3450
2021-07-15,18.6600,0.0000
2021-07-16,18.6500,0.0000
2021-07-17,20.4300,0.0000
2021-07-18,21.6100,0.0000
2021-07-19,21.5400,0.0000
2021-07-20,20.8050,0.0000
2021-07-21,20.8750,0.0000
2021-07-22,21.1550,0.0000
2021-07-23,20.9250,0.0000
2021-07-24,20.6050,0.0000
2021-07-25,20.3000,0.0000
2021-07-26,19.7550,0.0000
2021-07-27,19.1800,0.0000
2021-07-28,18.7850,0.0000
2021-07-29,18.6750,0.0000
2021-07-30,19.0700,0.0000
2021-07-31,18.5050,0.0000
2021-08-01,17.8000,0.2000
2021-08-02,17.0850,0.9150
2021-08-03,16.2900,1.7100
2021-08-04,16.8100,1.1900
2021-08-05,18.1150,0.0000
2021-08-06,18.5350,0.0000
2021-08-07,17.8800,0.1200
2021-08-08,17.1900,0.8100
2021-08-09,17.6250,0.3750
2021-08-10,18.7200,0.0000
2021-08-11,19.5000,0.0000
2021-08-12,21.1000,0.0000
2021-08-13,21.1950,0.0000
2021-08-14,21.3550,0.0000
2021-08-15,21.6200,0.0000
2021-08-16,18.4850,0.0000
2021-08-17,16.4050,1.5950
2021-08-18,18.1200,0.0000
2021-08-19,18.3700,0.0000
2021-08-20,19.2250,0.0000
2021-08-21,20.2650,0.0000
2021-08-22,18.9450,0.0000
2021-08-23,18.2150,0.0000
2021-08-24,17.5500,0.4500
2021-08-25,17.7700,0.2300
2021-08-26,17.2100,0.7900
2021-08-27,16.0700,1.9300
2021-08-28,15.8800,2.1200
2021-08-29,15.9450,2.0550
2021-08-30,17.2850,0.7150
2021-08-31,17.0800,0.9200
2021-09-01,16.8900,1.1100
2021-09-02,17.3100,0.6900
2021-09-03,18.1000,0.0000
2021-09-04,18.3850,0.0000
2021-09-05,19.4600,0.0000
2021-09-06,20.1650,0.0000
2021-09-07,20.8700,0.0000
2021-09-08,21.1500,0.0000
2021-09-09,20.5300,0.0000
2021-09-10,19.5000,0.0000
2021-09-11,18.6500,0.0000
2021-09-12,17.7700,0.2300
2021-09-13,17.9300,0.0700
2021-09-14,19.1800,0.0000
2021-09-15,18.9350,0.0000
2021-09-16,17.1950,0.8050
2021-09-17,16.5150,1.4850
2021-09-18,17.0400,0.9600
2021-09-19,16.1050,1.8950
2021-09-20,14.9050,3.0950
2021-09-21,14.2550,3.7450
2021-09-22,14.3450,3.6550
2021-09-23,15.4350,2.5650
2021-09-24,16.7600,1.2400
2021-09-25,16.8650,1.1350
2021-09-26,17.3650,0.6350
2021-09-27,16.7100,1.2900
2021-09-28,14.3800,3.6200
2021-09-29,13.2450,4.7550
2021-09-30,12.0750,5.9250
2021-10-01,13.5250,4.4750
2021-10-02,14.5250,3.4750
2021-10-03,15.9650,2.0350
2021-10-04,13.5750,4.4250
2021-10-05,13.4700,4.5300
2021-10-06,12.2600,5.7400
2021-10-07,12.9550,5.0450
2021-10-08,12.9600,5.0400
2021-10-09,11.9400,6.0600
2021-10-10,10.8250,7.1750
2021-10-11,10.4100,7.5900
2021-10-12,10.6800,7.3200
2021-10-13,9.7350,8.2650
2021-10-14,10.6850,7.3150
2021-10-15,10.6550,7.3450
2021-10-16,9.6950,8.3050
2021-10-17,10.2200,7.7800
2021-10-18,10.4900,7.5100
2021-10-19,14.3250,3.6750
2021-10-20,15.2150,2.7850
2021-10-21,11.4850,6.5150
2021-10-22,8.7050,9.2950
2021-10-23,9.2650,8.7350
2021-10-24,8.6000,9.4000
2021-10-25,9.2300,8.7700
2021-10-26,10.7500,7.2500
2021-10-27,11.8050,6.1950
2021-10-28,10.2200,7.7800
2021-10-29,10.5700,7.4300
2021-10-30,10.2300,7.7700
2021-10-31,12.1800,5.8200
2021-11-01,10.2900,7.7100
2021-11-02,7.6350,10.3650
2021-11-03,7.0100,10.9900
2021-11-04,6.9700,11.0300
2021-11-05,6.6400,11.3600
2021-11-06,6.9400,11.0600
2021-11-07,8.3450,9.6550
2021-11-08,6.9800,11.0200
2021-11-09,7.2050,10.7950
2021-11-10,6.2200,11.7800
2021-11-11,5.9850,12.0150
2021-11-12,6.4650,11.5350
2021-11-13,8.5200,9.4800
2021-11-14,9.1550,8.8450
2021-11-15,8.0250,9.9750
2021-11-16,6.8650,11.1350
2021-11-17,7.7150,10.2850
2021-11-18,7.2800,10.7200
2021-11-19,8.7900,9.2100
2021-11-20,8.4800,9.5200
2021-11-21,6.5250,11.4750
2021-11-22,5.3050,12.6950
2021-11-23,3.6700,14.3300
2021-11-24,3.7700,14.2300
2021-11-25,3.2300,14.7700
2021-11-26,3.7800,14.2200
2021-11-27,3.1000,14.9000
2021-11-28,2.3950,15.6050
2021-11-29,1.7750,16.2250
2021-11-30,5.6800,12.3200
2021-12-01,7.2850,10.7150
2021-12-02,3.2200,14.7800
2021-12-03,2.3150,15.6850
2021-12-04,4.6000,13.4000
2021-12-05,3.4500,14.5500
2021-12-06,2.3400,15.6600
2021-12-07,3.6250,14.3750
2021-12-08,4.0800,13.9200
2021-12-09,3.1100,14.8900
2021-12-10,3.4200,14.5800
2021-12-11,3.5500,14.4500
2021-12-12,6.5300,11.4700
2021-12-13,7.2300,10.7700
2021-12-14,6.0850,11.9150
2021-12-15,6.8900,11.1100
2021-12-16,6.6150,11.3850
2021-12-17,6.0450,11.9550
2021-12-18,4.7350,13.2650
2021-12-19,5.0700,12.9300
2021-12-20,4.0550,13.9450
2021-12-21,0.0050,17.9950
2021-12-22,-1.6800,19.6800
2021-12-23,1.9000,16.1000
2021-12-24,6.5800,11.4200
2021-12-25,4.1350,13.8650
2021-12-26,3.6450,14.3550
2021-12-27,6.2250,11.7750
2021-12-28,8.8250,9.1750
2021-12-29,9.4650,8.5350
2021-12-30,11.8150,6.1850
2021-12-31,10.7550,7.2450
2022-01-01,10.0850,7.9150
2022-01-02,9.5050,8.4950
2022-01-03,9.1850,8.8150
2022-01-04,7.0500,10.9500
2022-01-05,3.8400,14.1600
2022-01-06,2.4150,15.5850
2022-01-07,2.9550,15.0450
2022-01-08,3.4000,14.6000
2022-01-09,3.5850,14.4150
2022-01-10,1.5450,16.4550
2022-01-11,2.1400,15.8600
2022-01-12,1.7950,16.2050
2022-01-13,1.4900,16.5100
2022-01-14,0.6750,17.3250
2022-01-15,1.2650,16.7350
2022-01-16,2.4500,15.5500
2022-01-17,4.3650,13.6350
2022-01-18,3.6000,14.4000
2022-01-19,3.4350,14.5650
2022-01-20,3.1400,14.8600
2022-01-21,2.0800,15.9200
2022-01-22,3.7800,14.2200
2022-01-23,4.1900,13.8100
2022-01-24,2.5650,15.4350
2022-01-25,0.5500,17.4500
2022-01-26,2.0200,15.9800
2022-01-27,3.8100,14.1900
2022-01-28,4.7650,13.2350
2022-01-29,6.9850,11.0150
2022-01-30,5.4900,12.5100
2022-01-31,5.0200,12.9800
2022-02-01,6.1650,11.8350
2022-02-02,8.4300,9.5700
2022-02-03,6.9500,11.0500
2022-02-04,6.5050,11.4950
2022-02-05,4.6350,13.3650
2022-02-06,6.9050,11.0950
2022-02-07,5.5900,12.4100
2022-02-08,7.2000,10.8000
2022-02-09,7.6000,10.4000
2022-02-10,6.1350,11.8650
2022-02-11,4.0400,13.9600
2022-02-12,2.4350,15.5650
2022-02-13,4.3400,13.6600
2022-02-14,7.1850,10.8150
2022-02-15,5.8000,12.2000
2022-02-16,9.4450,8.5550
2022-02-17,9.6700,8.3300
2022-02-18,8.6350,9.3650
2022-02-19,6.0700,11.9300
2022-02-20,8.6050,9.3950
2022-02-21,7.1700,10.8300
2022-02-22,7.7200,10.2800
2022-02-23,6.8850,11.1150
2022-02-24,6.8200,11.1800
2022-02-25,4.7300,13.2700
2022-02-26,3.5800,14.4200
2022-02-27,3.8000,14.2000
2022-02-28,4.1300,13.8700
2022-03-01,4.5050,13.4950
2022-03-02,4.3750,13.6250
2022-03-03,5.2400,12.7600
2022-03-04,4.9200,13.0800
2022-03-05,3.8550,14.1450
2022-03-06,2.9750,15.0250
2022-03-07,2.2250,15.7750
2022-03-08,3.5100,14.4900
2022-03-09,5.3000,12.7000
2022-03-10,7.3250,10.6750
2022-03-11,7.6950,10.3050
2022-03-12,7.7500,10.2500
2022-03-13,7.6300,10.3700
2022-03-14,7.9500,10.0500
2022-03-15,7.5700,10.4300
2022-03-16,8.9400,9.0600
2022-03-17,8.4050,9.5950
2022-03-18,7.9250,10.0750
2022-03-19,8.2200,9.7800
2022-03-20,7.1650,10.8350
2022-03-21,8.3800,9.6200
2022-03-22,9.2850,8.7150
2022-03-23,9.3000,8.7000
2022-03-24,9.8200,8.1800
2022-03-25,9.9750,8.0250
2022-03-26,10.3850,7.6150
2022-03-27,10.8450,7.1550
2022-03-28,10.9650,7.0350
2022-03-29,10.4850,7.5150
2022-03-30,8.7350,9.2650
2022-03-31,5.5250,12.4750
2022-04-01,3.4150,14.5850
2022-04-02,3.0600,14.9400
2022-04-03,3.3450,14.6550
2022-04-04,5.3450,12.6550
2022-04-05,9.2950,8.7050
2022-04-06,10.2650,7.7350
2022-04-07,10.4350,7.5650
2022-04-08,7.0050,10.9950
2022-04-09,6.5150,11.4850
2022-04-10,6.4550,11.5450
2022-04-11,9.2300,8.7700
2022-04-12,12.8400,5.1600
2022-04-13,13.6350,4.3650
2022-04-14,13.6000,4.4000
2022-04-15,12.9050,5.0950
2022-04-16,11.8150,6.1850
2022-04-17,10.8700,7.1300
2022-04-18,11.3350,6.6650
2022-04-19,11.5900,6.4100
2022-04-20,11.4150,6.5850
2022-04-21,11.8200,6.1800
2022-04-22,12.6600,5.3400
2022-04-23,12.9500,5.0500
2022-04-24,12.3250,5.6750
2022-04-25,10.7750,7.2250
2022-04-26,9.9650,8.0350
2022-04-27,10.8200,7.1800
2022-04-28,12.2000,5.8000
2022-04-29,12.3550,5.6450
2022-04-30,10.7550,7.2450
2022-05-01,11.6000,6.4000
2022-05-02,12.9400,5.0600
2022-05-03,13.7300,4.2700
2022-05-04,13.1650,4.8350
2022-05-05,13.6300,4.3700
2022-05-06,14.6400,3.3600
2022-05-07,15.0200,2.9800
2022-05-08,14.8550,3.1450
2022-05-09,16.3550,1.6450
2022-05-10,18.3400,0.0000
2022-05-11,18.7100,0.0000
2022-05-12,17.1150,0.8850
2022-05-13,15.9400,2.0600
2022-05-14,16.4800,1.5200
2022-05-15,18.8100,0.0000
2022-05-16,19.0800,0.0000
2022-05-17,19.7200,0.0000
2022-05-18,20.7050,0.0000
2022-05-19,20.4250,0.0000
2022-05-20,17.9400,0.0600
2022-05-21,16.5900,1.4100
2022-05-22,17.4500,0.5500
2022-05-23,17.5450,0.4550
2022-05-24,15.2400,2.7600
2022-05-25,15.1000,2.9000
2022-05-26,16.9650,1.0350
2022-05-27,16.5050,1.4950
2022-05-28,14.2300,3.7700
2022-05-29,12.0250,5.9750
2022-05-30,12.3500,5.6500
2022-05-31,14.3800,3.6200
2022-06-01,14.8550,3.1450
2022-06-02,16.0850,1.9150
2022-06-03,18.5600,0.0000
2022-06-04,18.9800,0.0000
2022-06-05,17.9850,0.0150
2022-06-06,17.0800,0.9200
2022-06-07,17.1400,0.8600
2022-06-08,16.9250,1.0750
2022-06-09,16.3200,1.6800
2022-06-10,18.3500,0.0000
2022-06-11,19.2450,0.0000
2022-06-12,18.9900,0.0000
2022-06-13,17.6800,0.3200
2022-06-14,18.3650,0.0000
2022-06-15,21.2150,0.0000
2022-06-16,22.0000,0.0000
2022-06-17,23.4900,0.0000
2022-06-18,24.9900,0.0000
2022-06-19,22.0500,0.0000
2022-06-20,18.2200,0.0000
2022-06-21,18.5550,0.0000
2022-06-22,20.3550,0.0000
2022-06-23,21.9400,0.0000
2022-06-24,20.2900,0.0000
2022-06-25,18.8750,0.0000
2022-06-26,19.3400,0.0000
2022-06-27,18.7400,0.0000
2022-06-28,18.6950,0.0000
2022-06-29,20.2300,0.0000
2022-06-30,19.7750,0.0000
2022-07-01,17.0200,0.9800
2022-07-02,19.1800,0.0000
2022-07-03,19.8950,0.0000
2022-07-04,19.6450,0.0000
2022-07-05,19.3950,0.0000
2022-07-06,19.1350,0.0000
2022-07-07,19.0500,0.0000
2022-07-08,19.3550,0.0000
2022-07-09,20.7250,0.0000
2022-07-10,19.3050,0.0000
2022-07-11,21.5050,0.0000
2022-07-12,22.7650,0.0000
2022-07-13,24.6700,0.0000
2022-07-14,22.5150,0.0000
2022-07-15,20.3100,0.0000
2022-07-16,20.8450,0.0000
2022-07-17,22.1700,0.0000
2022-07-18,25.7300,0.0000
2022-07-19,28.5700,0.0000
2022-07-20,25.1950,0.0000
2022-07-21,22.1700,0.0000
2022-07-22,21.2300,0.0000
2022-07-23,21.7700,0.0000
2022-07-24,23.7000,0.0000
2022-07-25,23.6700,0.0000
2022-07-26,20.5450,0.0000
2022-07-27,19.3800,0.0000
2022-07-28,20.3650,0.0000
2022-07-29,21.4050,0.0000
2022-07-30,21.7050,0.0000
2022-07-31,22.3650,0.0000
2022-08-01,22.3250,0.0000
2022-08-02,22.9150,0.0000
2022-08-03,25.0350,0.0000
2022-08-04,25.0550,0.0000
2022-08-05,21.7450,0.0000
2022-08-06,19.2000,0.0000
2022-08-07,20.1900,0.0000
2022-08-08,21.5700,0.0000
2022-08-09,22.9100,0.0000
2022-08-10,24.0250,0.0000
2022-08-11,24.4600,0.0000
2022-08-12,24.8000,0.0000
2022-08-13,24.7300,0.0000
2022-08-14,24.5700,0.0000
2022-08-15,22.6050,0.0000
2022-08-16,21.6350,0.0000
2022-08-17,21.1300,0.0000
2022-08-18,20.9150,0.0000
2022-08-19,21.2900,0.0000
2022-08-20,20.2100,0.0000
2022-08-21,20.1750,0.0000
2022-08-22,21.1950,0.0000
2022-08-23,22.7500,0.0000
2022-08-24,23.8550,0.0000
2022-08-25,23.3200,0.0000
2022-08-26,21.6550,0.0000
2022-08-27,20.1100,0.0000
2022-08-28,19.4150,0.0000
2022-08-29,19.5150,0.0000
2022-08-30,20.2800,0.0000
2022-08-31,20.0750,0.0000
2022-09-01,20.1100,0.0000
2022-09-02,19.5600,0.0000
2022-09-03,18.9750,0.0000
2022-09-04,20.1600,0.0000
2022-09-05,21.0050,0.0000
2022-09-06,20.8800,0.0000
2022-09-07,19.4400,0.0000
2022-09-08,17.9500,0.0500
2022-09-09,16.7200,1.2800
2022-09-10,16.5300,1.4700
2022-09-11,17.3150,0.6850
2022-09-12,18.3700,0.0000
2022-09-13,18.3000,0.0000
2022-09-14,18.3450,0.0000
2022-09-15,17.1550,0.8450
2022-09-16,14.5550,3.4450
2022-09-17,12.3200,5.6800
2022-09-18,12.5850,5.4150
2022-09-19,13.2050,4.7950
2022-09-20,12.7750,5.2250
2022-09-21,12.7800,5.2200
2022-09-22,12.6800,5.3200
2022-09-23,13.4500,4.5500
2022-09-24,13.3250,4.6750
2022-09-25,13.0200,4.9800
2022-09-26,11.9950,6.0050
2022-09-27,11.2700,6.7300
2022-09-28,10.8050,7.1950
2022-09-29,10.2800,7.7200
2022-09-30,10.8800,7.1200
2022-10-01,13.8000,4.2000
2022-10-02,14.0750,3.9250
2022-10-03,12.5800,5.4200
2022-10-04,12.9600,5.0400
2022-10-05,15.2550,2.7450
2022-10-06,14.1150,3.8850
2022-10-07,12.9100,5.0900
2022-10-08,12.5650,5.4350
2022-10-09,11.1150,6.8850
2022-10-10,12.6950,5.3050
2022-10-11,11.4400,6.5600
2022-10-12,11.1800,6.8200
2022-10-13,12.5950,5.4050
2022-10-14,13.5800,4.4200
2022-10-15,14.6550,3.3450
2022-10-16,15.5400,2.4600
2022-10-17,16.4350,1.5650
2022-10-18,14.8800,3.1200
2022-10-19,14.0450,3.9550
2022-10-20,13.9150,4.0850
2022-10-21,15.2700,2.7300
2022-10-22,15.2050,2.7950
2022-10-23,15.3200,2.6800
2022-10-24,15.3050,2.6950
2022-10-25,14.1450,3.8550
2022-10-26,15.5150,2.4850
2022-10-27,15.5250,2.4750
2022-10-28,16.5350,1.4650
2022-10-29,15.9550,2.0450
2022-10-30,14.7200,3.2800
2022-10-31,13.7800,4.2200
2022-11-01,13.5550,4.4450
2022-11-02,11.7700,6.2300
2022-11-03,11.3750,6.6250
2022-11-04,9.7450,8.2550
2022-11-05,8.9000,9.1000
2022-11-06,9.8150,8.1850
2022-11-07,11.8800,6.1200
2022-11-08,12.2150,5.7850
2022-11-09,12.0100,5.9900
2022-11-10,10.7200,7.2800
2022-11-11,9.4400,8.5600
2022-11-12,8.8750,9.1250
2022-11-13,8.3100,9.6900
2022-11-14,8.2100,9.7900
2022-11-15,10.1450,7.8550
2022-11-16,10.0150,7.9850
2022-11-17,10.0300,7.9700
2022-11-18,8.5250,9.4750
2022-11-19,5.2200,12.7800
2022-11-20,4.6100,13.3900
2022-11-21,6.0300,11.9700
2022-11-22,6.8050,11.1950
2022-11-23,7.4950,10.5050
2022-11-24,8.1850,9.8150
2022-11-25,7.4850,10.5150
2022-11-26,6.4250,11.5750
2022-11-27,6.7900,11.2100
2022-11-28,6.7050,11.2950
2022-11-29,6.1950,11.8050
2022-11-30,6.2300,11.7700
2022-12-01,4.5850,13.4150
2022-12-02,3.5000,14.5000
2022-12-03,3.4600,14.5400
2022-12-04,3.2850,14.7150
2022-12-05,4.2750,13.7250
2022-12-06,3.7650,14.2350
2022-12-07,2.3950,15.6050
2022-12-08,1.4250,16.5750
2022-12-09,-0.3500,18.3500
2022-12-10,-0.4900,18.4900
2022-12-11,-1.1500,19.1500
2022-12-12,-1.1600,19.1600
2022-12-13,-2.6550,20.6550
2022-12-14,-2.0200,20.0200
2022-12-15,-2.9150,20.9150
2022-12-16,-2.0300,20.0300
2022-12-17,-3.2100,21.2100
2022-12-18,-1.8750,19.8750
2022-12-19,5.0750,12.9250
2022-12-20,7.1000,10.9000
2022-12-21,7.3700,10.6300
2022-12-22,8.8100,9.1900
2022-12-23,9.5450,8.4550
2022-12-24,9.0750,8.9250
2022-12-25,9.3000,8.7000
2022-12-26,8.5700,9.4300
2022-12-27,5.1800,12.8200
2022-12-28,8.2300,9.7700
2022-12-29,9.2050,8.7950
2022-12-30,8.3750,9.6250
2022-12-31,13.0700,4.9300
2023-01-01,11.5250,6.4750
2023-01-02,9.2750,8.7250
2023-01-03,6.9600,11.0400
2023-01-04,9.8800,8.1200
2023-01-05,10.4750,7.5250
2023-01-06,9.8100,8.1900
2023-01-07,9.0900,8.9100
2023-01-08,8.2150,9.7850
2023-01-09,6.6900,11.3100
2023-01-10,6.3300,11.6700
2023-01-11,8.3400,9.6600
2023-01-12,8.9250,9.0750
2023-01-13,7.9650,10.0350
2023-01-14,8.0550,9.9450
2023-01-15,6.1700,11.8300
2023-01-16,3.9200,14.0800
2023-01-17,1.1100,16.8900
2023-01-18,0.4600,17.5400
2023-01-19,0.4200,17.5800
2023-01-20,0.5050,17.4950
2023-01-21,0.3750,17.6250
2023-01-22,0.5050,17.4950
2023-01-23,1.1650,16.8350
2023-01-24,2.0250,15.9750
2023-01-25,1.2950,16.7050
2023-01-26,2.1750,15.8250
2023-01-27,3.1150,14.8850
2023-01-28,1.5700,16.4300
2023-01-29,1.1950,16.8050
2023-01-30,4.5250,13.4750
2023-01-31,4.2200,13.7800
2023-02-01,6.3400,11.6600
2023-02-02,7.3950,10.6050
2023-02-03,8.4450,9.5550
2023-02-04,7.6600,10.3400
2023-02-05,4.9950,13.0050
2023-02-06,2.9900,15.0100
2023-02-07,0.5250,17.4750
2023-02-08,-0.5250,18.5250
2023-02-09,-0.1850,18.1850
2023-02-10,1.8000,16.2000
2023-02-11,4.5050,13.4950
2023-02-12,6.3650,11.6350
2023-02-13,4.9800,13.0200
2023-02-14,3.3450,14.6550
2023-02-15,3.5850,14.4150
2023-02-16,6.0650,11.9350
2023-02-17,10.3400,7.6600
2023-02-18,10.4050,7.5950
2023-02-19,9.0950,8.9050
2023-02-20,7.4350,10.5650
2023-02-21,7.5150,10.4850
2023-02-22,6.8450,11.1550
2023-02-23,7.7850,10.2150
2023-02-24,6.1750,11.8250
2023-02-25,4.8100,13.1900
2023-02-26,2.0650,15.9350
2023-02-27,2.0150,15.9850
2023-02-28,2.1550,15.8450
2023-03-01,2.6600,15.3400
2023-03-02,3.7950,14.2050
2023-03-03,3.5800,14.4200
2023-03-04,4.0650,13.9350
2023-03-05,4.3300,13.6700
2023-03-06,4.2750,13.7250
2023-03-07,4.7000,13.3000
2023-03-08,4.4400,13.5600
2023-03-09,8.4900,9.5100
2023-03-10,7.2000,10.8000
2023-03-11,3.8100,14.1900
2023-03-12,7.2100,10.7900
2023-03-13,11.9600,6.0400
2023-03-14,8.2350,9.7650
2023-03-15,5.0250,12.9750
2023-03-16,7.3150,10.6850
2023-03-17,9.8200,8.1800
2023-03-18,10.6550,7.3450
2023-03-19,9.3150,8.6850
2023-03-20,8.6650,9.3350
2023-03-21,9.8550,8.1450
2023-03-22,11.0700,6.9300
2023-03-23,12.1800,5.8200
2023-03-24,11.7700,6.2300
2023-03-25,10.3000,7.7000
2023-03-26,8.2800,9.7200
2023-03-27,5.7750,12.2250
2023-03-28,5.6850,12.3150
2023-03-29,10.6000,7.4000
2023-03-30,12.6350,5.3650
2023-03-31,11.0850,6.9150
2023-04-01,10.1050,7.8950
2023-04-02,7.7800,10.2200
2023-04-03,5.8700,12.1300
2023-04-04,4.7550,13.2450
2023-04-05,5.1800,12.8200
2023-04-06,7.5500,10.4500
2023-04-07,8.1850,9.8150
2023-04-08,8.1800,9.8200
2023-04-09,9.2550,8.7450
2023-04-10,10.7900,7.2100
2023-04-11,10.2500,7.7500
2023-04-12,9.4400,8.5600
2023-04-13,8.1350,9.8650
2023-04-14,7.8550,10.1450
2023-04-15,8.7200,9.2800
2023-04-16,9.4900,8.5100
2023-04-17,10.0300,7.9700
2023-04-18,10.1200,7.8800
2023-04-19,11.0300,6.9700
2023-04-20,8.5800,9.4200
2023-04-21,9.4700,8.5300
2023-04-22,11.3050,6.6950
2023-04-23,12.3700,5.6300
2023-04-24,10.2750,7.7250
2023-04-25,8.2850,9.7150
2023-04-26,7.7200,10.2800
2023-04-27,10.0500,7.9500
2023-04-28,13.4500,4.5500
2023-04-29,12.1350,5.8650
2023-04-30,12.3500,5.6500
2023-05-01,12.5800,5.4200
2023-05-02,11.9000,6.1000
2023-05-03,10.9900,7.0100
2023-05-04,14.2450,3.7550
2023-05-05,15.2200,2.7800
2023-05-06,14.9400,3.0600
2023-05-07,15.9250,2.0750
2023-05-08,14.4200,3.5800
2023-05-09,14.6400,3.3600
2023-05-10,13.2650,4.7350
2023-05-11,12.4750,5.5250
2023-05-12,12.8900,5.1100
2023-05-13,13.7500,4.2500
2023-05-14,13.5250,4.4750
2023-05-15,12.9650,5.0350
2023-05-16,11.4500,6.5500
2023-05-17,11.3450,6.6550
2023-05-18,11.8800,6.1200
2023-05-19,13.0600,4.9400
2023-05-20,14.7800,3.2200
2023-05-21,16.9700,1.0300
2023-05-22,17.2850,0.7150
2023-05-23,15.1800,2.8200
2023-05-24,13.1350,4.8650
2023-05-25,14.2200,3.7800
2023-05-26,14.9600,3.0400
2023-05-27,15.8700,2.1300
2023-05-28,17.0050,0.9950
2023-05-29,16.5550,1.4450
2023-05-30,15.7900,2.2100
2023-05-31,17.5500,0.4500
2023-06-01,17.6800,0.3200
2023-06-02,15.3050,2.6950
2023-06-03,17.0200,0.9800
2023-06-04,17.5850,0.4150
2023-06-05,17.6000,0.4000
2023-06-06,17.7500,0.2500
2023-06-07,18.1850,0.0000
2023-06-08,18.8700,0.0000
2023-06-09,20.9550,0.0000
2023-06-10,22.5250,0.0000
2023-06-11,22.7900,0.0000
2023-06-12,22.1400,0.0000
2023-06-13,21.2300,0.0000
2023-06-14,20.3200,0.0000
2023-06-15,20.5100,0.0000
2023-06-16,20.6450,0.0000
2023-06-17,21.1500,0.0000
2023-06-18,22.2200,0.0000
2023-06-19,21.8000,0.0000
2023-06-20,22.4200,0.0000
2023-06-21,22.0300,0.0000
2023-06-22,22.1400,0.0000
2023-06-23,21.4100,0.0000
2023-06-24,22.0500,0.0000
2023-06-25,24.0150,0.0000
2023-06-26,21.5900,0.0000
2023-06-27,19.9750,0.0000
2023-06-28,20.4750,0.0000
2023-06-29,20.8350,0.0000
2023-06-30,18.7550,0.0000
2023-07-01,18.7950,0.0000
2023-07-02,18.6950,0.0000
2023-07-03,18.5650,0.0000
2023-07-04,18.3550,0.0000
2023-07-05,17.5050,0.4950
2023-07-06,18.2400,0.0000
2023-07-07,21.6900,0.0000
2023-07-08,24.5300,0.0000
2023-07-09,23.8000,0.0000
2023-07-10,22.8650,0.0000
2023-07-11,23.9350,0.0000
2023-07-12,21.2200,0.0000
2023-07-13,19.9050,0.0000
2023-07-14,20.6550,0.0000
2023-07-15,21.9600,0.0000
2023-07-16,20.4350,0.0000
2023-07-17,20.0100,0.0000
2023-07-18,20.5750,0.0000
2023-07-19,20.8500,0.0000
2023-07-20,19.7600,0.0000
2023-07-21,18.3200,0.0000
2023-07-22,18.5050,0.0000
2023-07-23,20.1600,0.0000
2023-07-24,19.1750,0.0000
2023-07-25,16.8350,1.1650
2023-07-26,16.8350,1.1650
2023-07-27,18.0150,0.0000
2023-07-28,19.4750,0.0000
2023-07-29,19.9450,0.0000
2023-07-30,18.8400,0.0000
2023-07-31,19.1350,0.0000
2023-08-01,18.6200,0.0000
2023-08-02,18.5800,0.0000
2023-08-03,17.9550,0.0450
2023-08-04,17.1000,0.9000
2023-08-05,16.6850,1.3150
2023-08-06,15.8600,2.1400
2023-08-07,15.9650,2.0350
2023-08-08,16.6000,1.4000
2023-08-09,17.9950,0.0050
2023-08-10,19.1550,0.0000
2023-08-11,21.0700,0.0000
2023-08-12,20.9400,0.0000
2023-08-13,20.2950,0.0000
2023-08-14,21.3050,0.0000
2023-08-15,21.1350,0.0000
2023-08-16,20.5950,0.0000
2023-08-17,20.7800,0.0000
2023-08-18,22.7050,0.0000
2023-08-19,23.5200,0.0000
2023-08-20,22.8650,0.0000
2023-08-21,22.6050,0.0000
2023-08-22,22.3650,0.0000
2023-08-23,22.4600,0.0000
2023-08-24,22.5100,0.0000
2023-08-25,21.0050,0.0000
2023-08-26,18.3650,0.0000
2023-08-27,16.7200,1.2800
2023-08-28,15.7400,2.2600
2023-08-29,16.1500,1.8500
2023-08-30,16.0600,1.9400
2023-08-31,15.4500,2.5500
2023-09-01,17.8700,0.1300
2023-09-02,19.0600,0.0000
2023-09-03,19.8250,0.0000
2023-09-04,20.2550,0.0000
2023-09-05,21.5300,0.0000
2023-09-06,21.7450,0.0000
2023-09-07,21.8800,0.0000
2023-09-08,22.6050,0.0000
2023-09-09,22.9200,0.0000
2023-09-10,23.5250,0.0000
2023-09-11,21.9500,0.0000
2023-09-12,20.6250,0.0000
2023-09-13,18.6150,0.0000
2023-09-14,17.1500,0.8500
2023-09-15,17.8400,0.1600
2023-09-16,19.4100,0.0000
2023-09-17,20.1750,0.0000
2023-09-18,19.1700,0.0000
2023-09-19,17.5000,0.5000
2023-09-20,18.8550,0.0000
2023-09-21,17.1850,0.8150
2023-09-22,14.5350,3.4650
2023-09-23,13.6400,4.3600
2023-09-24,14.3850,3.6150
2023-09-25,15.7800,2.2200
2023-09-26,16.6350,1.3650
2023-09-27,17.7200,0.2800
2023-09-28,18.2900,0.0000
2023-09-29,18.3450,0.0000
2023-09-30,15.7150,2.2850
2023-10-01,17.0400,0.9600
2023-10-02,18.1400,0.0000
2023-10-03,17.1000,0.9000
2023-10-04,14.2500,3.7500
2023-10-05,14.1100,3.8900
2023-10-06,14.6600,3.3400
2023-10-07,16.2350,1.7650
2023-10-08,16.9750,1.0250
2023-10-09,16.7400,1.2600
2023-10-10,16.8050,1.1950
2023-10-11,17.8400,0.1600
2023-10-12,16.6850,1.3150
2023-10-13,18.9450,0.0000
2023-10-14,13.9850,4.0150
2023-10-15,9.2500,8.7500
2023-10-16,7.8500,10.1500
2023-10-17,9.3800,8.6200
2023-10-18,11.2650,6.7350
2023-10-19,14.7950,3.2050
2023-10-20,14.0400,3.9600
2023-10-21,13.6900,4.3100
2023-10-22,12.2700,5.7300
2023-10-23,11.0000,7.0000
2023-10-24,11.7300,6.2700
2023-10-25,11.0550,6.9450
2023-10-26,11.4500,6.5500
2023-10-27,11.1900,6.8100
2023-10-28,11.5900,6.4100
2023-10-29,12.4950,5.5050
2023-10-30,12.1000,5.9000
2023-10-31,11.1800,6.8200
2023-11-01,11.9500,6.0500
2023-11-02,11.1650,6.8350
2023-11-03,9.0750,8.9250
2023-11-04,8.8850,9.1150
2023-11-05,10.1200,7.8800
2023-11-06,9.6550,8.3450
2023-11-07,8.7250,9.2750
2023-11-08,8.9000,9.1000
2023-11-09,8.7450,9.2550
2023-11-10,7.8750,10.1250
2023-11-11,6.7700,11.2300
2023-11-12,6.6700,11.3300
2023-11-13,10.8150,7.1850
2023-11-14,11.0650,6.9350
2023-11-15,10.0100,7.9900
2023-11-16,7.2550,10.7450
2023-11-17,6.7200,11.2800
2023-11-18,8.1900,9.8100
2023-11-19,11.5050,6.4950
2023-11-20,10.0600,7.9400
2023-11-21,9.0100,8.9900
2023-11-22,5.0400,12.9600
2023-11-23,8.0250,9.9750
2023-11-24,7.4100,10.5900
2023-11-25,4.0650,13.9350
2023-11-26,3.5700,14.4300
2023-11-27,4.6700,13.3300
2023-11-28,2.9100,15.0900
2023-11-29,1.9850,16.0150
2023-11-30,1.4900,16.5100
2023-12-01,0.9000,17.1000
2023-12-02,-1.0800,19.0800
2023-12-03,0.3450,17.6550
2023-12-04,2.3400,15.6600
2023-12-05,4.0750,13.9250
2023-12-06,2.7700,15.2300
2023-12-07,2.5200,15.4800
2023-12-08,4.5550,13.4450
2023-12-09,7.1050,10.8950
2023-12-10,8.6850,9.3150
2023-12-11,8.9050,9.0950
2023-12-12,7.9800,10.0200
2023-12-13,7.2650,10.7350
2023-12-14,5.3700,12.6300
2023-12-15,5.0350,12.9650
2023-12-16,5.0900,12.9100
2023-12-17,5.1550,12.8450
2023-12-18,4.6250,13.3750
2023-12-19,5.8900,12.1100
2023-12-20,6.5550,11.4450
2023-12-21,9.1500,8.8500
2023-12-22,8.6700,9.3300
2023-12-23,9.0050,8.9950
2023-12-24,10.1350,7.8650
2023-12-25,10.4850,7.5150
2023-12-26,8.6700,9.3300
2023-12-27,7.5150,10.4850
2023-12-28,9.3000,8.7000
2023-12-29,9.2300,8.7700
2023-12-30,8.2050,9.7950
2023-12-31,7.8100,10.1900
2024-01-01,6.9300,11.0700
2024-01-02,8.9850,9.0150
2024-01-03,8.7000,9.3000
2024-01-04,7.2850,10.7150
2024-01-05,6.2100,11.7900
2024-01-06,4.6400,13.3600
2024-01-07,2.5250,15.4750
2024-01-08,-0.5250,18.5250
2024-01-09,-1.3900,19.3900
2024-01-10,-1.5250,19.5250
2024-01-11,-0.9650,18.9650
2024-01-12,1.4350,16.5650
2024-01-13,1.0200,16.9800
2024-01-14,0.5200,17.4800
2024-01-15,0.7700,17.2300
2024-01-16,-0.8250,18.8250
2024-01-17,-0.7000,18.7000
2024-01-18,-0.6700,18.6700
2024-01-19,-1.0250,19.0250
2024-01-20,-1.7650,19.7650
2024-01-21,1.9300,16.0700
2024-01-22,7.1300,10.8700
2024-01-23,6.7450,11.2550
2024-01-24,9.6500,8.3500
2024-01-25,7.5450,10.4550
2024-01-26,7.6600,10.3400
2024-01-27,2.9600,15.0400
2024-01-28,3.2050,14.7950
2024-01-29,5.3850,12.6150
2024-01-30,5.7700,12.2300
2024-01-31,5.4950,12.5050
2024-02-01,6.2850,11.7150
2024-02-02,5.8450,12.1550
2024-02-03,9.0500,8.9500
2024-02-04,9.7350,8.2650
2024-02-05,8.9100,9.0900
2024-02-06,9.2000,8.8000
2024-02-07,7.8250,10.1750
2024-02-08,7.3650,10.6350
2024-02-09,10.5950,7.4050
2024-02-10,9.4400,8.5600
2024-02-11,8.1400,9.8600
2024-02-12,6.2250,11.7750
2024-02-13,5.8250,12.1750
2024-02-14,9.7600,8.2400
2024-02-15,11.1650,6.8350
2024-02-16,10.8950,7.1050
2024-02-17,9.6400,8.3600
2024-02-18,8.8550,9.1450
2024-02-19,9.3100,8.6900
2024-02-20,8.0750,9.9250
2024-02-21,8.6100,9.3900
2024-02-22,9.6700,8.3300
2024-02-23,5.9800,12.0200
2024-02-24,4.3300,13.6700
2024-02-25,5.1000,12.9000
2024-02-26,6.2900,11.7100
2024-02-27,6.1350,11.8650
2024-02-28,6.2500,11.7500
2024-02-29,7.3700,10.6300
2024-03-01,6.3500,11.6500
2024-03-02,7.1600,10.8400
2024-03-03,7.2900,10.7100
2024-03-04,6.9100,11.0900
2024-03-05,7.0450,10.9550
2024-03-06,6.2250,11.7750
2024-03-07,5.8800,12.1200
2024-03-08,6.2750,11.7250
2024-03-09,7.8550,10.1450
2024-03-10,8.3550,9.6450
2024-03-11,8.0650,9.9350
2024-03-12,8.5150,9.4850
2024-03-13,10.1350,7.8650
2024-03-14,11.0050,6.9950
2024-03-15,11.8450,6.1550
2024-03-16,10.0300,7.9700
2024-03-17,9.6150,8.3850
2024-03-18,10.7100,7.2900
2024-03-19,10.3800,7.6200
2024-03-20,11.2200,6.7800
2024-03-21,10.8000,7.2000
2024-03-22,10.5100,7.4900
2024-03-23,7.3050,10.6950
2024-03-24,6.9150,11.0850
2024-03-25,7.2450,10.7550
2024-03-26,8.5150,9.4850
2024-03-27,8.4550,9.5450
2024-03-28,8.0450,9.9550
2024-03-29,9.6050,8.3950
2024-03-30,10.2500,7.7500
2024-03-31,10.3300,7.6700
2024-04-01,9.7050,8.2950
2024-04-02,10.0350,7.9650
2024-04-03,10.9200,7.0800
2024-04-04,12.0700,5.9300
2024-04-05,14.2200,3.7800
2024-04-06,16.5350,1.4650
2024-04-07,15.6300,2.3700
2024-04-08,15.5300,2.4700
2024-04-09,11.5350,6.4650
2024-04-10,9.8250,8.1750
2024-04-11,12.6250,5.3750
2024-04-12,14.3300,3.6700
2024-04-13,15.7450,2.2550
2024-04-14,14.0050,3.9950
2024-04-15,10.8400,7.1600
2024-04-16,8.6950,9.3050
2024-04-17,7.3900,10.6100
2024-04-18,7.2150,10.7850
2024-04-19,8.4050,9.5950
2024-04-20,7.3650,10.6350
2024-04-21,6.7000,11.3000
2024-04-22,5.5400,12.4600
2024-04-23,6.0750,11.9250
2024-04-24,6.7250,11.2750
2024-04-25,6.8500,11.1500
2024-04-26,8.2450,9.7550
2024-04-27,10.9950,7.0050
2024-04-28,11.6200,6.3800
2024-04-29,12.4850,5.5150
2024-04-30,15.3550,2.6450
2024-05-01,16.4950,1.5050
2024-05-02,14.8450,3.1550
2024-05-03,12.0500,5.9500
2024-05-04,12.0050,5.9950
2024-05-05,13.3050,4.6950
2024-05-06,13.4600,4.5400
2024-05-07,13.4750,4.5250
2024-05-08,12.9500,5.0500
2024-05-09,13.9950,4.0050
2024-05-10,15.6250,2.3750
2024-05-11,16.5200,1.4800
2024-05-12,17.8700,0.1300
2024-05-13,17.0650,0.9350
2024-05-14,16.9700,1.0300
2024-05-15,15.8700,2.1300
2024-05-16,15.2100,2.7900
2024-05-17,14.6850,3.3150
2024-05-18,15.2650,2.7350
2024-05-19,15.1800,2.8200
2024-05-20,15.3500,2.6500
2024-05-21,15.4600,2.5400
2024-05-22,15.1400,2.8600
2024-05-23,14.9900,3.0100
2024-05-24,14.3700,3.6300
2024-05-25,15.3200,2.6800
2024-05-26,16.3600,1.6400
2024-05-27,15.3600,2.6400
2024-05-28,14.7400,3.2600
2024-05-29,15.9600,2.0400
2024-05-30,14.8450,3.1550
2024-05-31,14.5150,3.4850
2024-06-01,15.0950,2.9050
2024-06-02,15.7600,2.2400
2024-06-03,15.0950,2.9050
2024-06-04,16.1400,1.8600
2024-06-05,15.2050,2.7950
2024-06-06,14.9200,3.0800
2024-06-07,15.4000,2.6000
2024-06-08,16.0050,1.9950
2024-06-09,15.1450,2.8550
2024-06-10,13.9400,4.0600
2024-06-11,12.7850,5.2150
2024-06-12,12.8550,5.1450
2024-06-13,14.0750,3.9250
2024-06-14,15.7250,2.2750
2024-06-15,15.6550,2.3450
2024-06-16,15.9650,2.0350
2024-06-17,17.4900,0.5100
2024-06-18,18.5400,0.0000
2024-06-19,17.6300,0.3700
2024-06-20,18.1700,0.0000
2024-06-21,18.7250,0.0000
2024-06-22,17.3250,0.6750
2024-06-23,17.7950,0.2050
2024-06-24,20.0950,0.0000
2024-06-25,21.5300,0.0000
2024-06-26,22.6950,0.0000
2024-06-27,22.6050,0.0000
2024-06-28,19.8400,0.0000
2024-06-29,20.0800,0.0000
2024-06-30,18.9250,0.0000
2024-07-01,17.3800,0.6200
2024-07-02,16.2400,1.7600
2024-07-03,15.1800,2.8200
2024-07-04,17.0850,0.9150
2024-07-05,17.4250,0.5750
2024-07-06,17.7650,0.2350
2024-07-07,15.9000,2.1000
2024-07-08,17.5200,0.4800
2024-07-09,21.1150,0.0000
2024-07-10,21.0600,0.0000
2024-07-11,19.9150,0.0000
2024-07-12,18.0500,0.0000
2024-07-13,16.7200,1.2800
2024-07-14,18.0300,0.0000
2024-07-15,20.0450,0.0000
2024-07-16,19.7900,0.0000
2024-07-17,19.5000,0.0000
2024-07-18,21.2700,0.0000
2024-07-19,23.5450,0.0000
2024-07-20,23.4800,0.0000
2024-07-21,21.7200,0.0000
2024-07-22,20.8850,0.0000
2024-07-23,20.5300,0.0000
2024-07-24,19.5800,0.0000
2024-07-25,20.4500,0.0000
2024-07-26,20.4700,0.0000
2024-07-27,19.6300,0.0000
2024-07-28,19.7650,0.0000
2024-07-29,21.0650,0.0000
2024-07-30,23.6900,0.0000
2024-07-31,23.7450,0.0000
2024-08-01,22.4800,0.0000
2024-08-02,21.7800,0.0000
2024-08-03,20.8050,0.0000
2024-08-04,19.6250,0.0000
2024-08-05,20.2900,0.0000
2024-08-06,21.6200,0.0000
2024-08-07,20.1400,0.0000
2024-08-08,20.2300,0.0000
2024-08-09,21.7300,0.0000
2024-08-10,21.5350,0.0000
2024-08-11,23.0250,0.0000
2024-08-12,25.6400,0.0000
2024-08-13,24.1950,0.0000
2024-08-14,22.6700,0.0000
2024-08-15,21.5600,0.0000
2024-08-16,22.0150,0.0000
2024-08-17,20.3800,0.0000
2024-08-18,19.3550,0.0000
2024-08-19,18.3300,0.0000
2024-08-20,19.5500,0.0000
2024-08-21,18.2800,0.0000
2024-08-22,18.6350,0.0000
2024-08-23,20.7050,0.0000
2024-08-24,21.6000,0.0000
2024-08-25,18.3550,0.0000
2024-08-26,17.8550,0.1450
2024-08-27,19.4050,0.0000
2024-08-28,21.7400,0.0000
2024-08-29,22.0350,0.0000
2024-08-30,20.0600,0.0000
2024-08-31,20.9100,0.0000
2024-09-01,23.2550,0.0000
2024-09-02,22.0700,0.0000
2024-09-03,21.1600,0.0000
2024-09-04,19.6600,0.0000
2024-09-05,20.2800,0.0000
2024-09-06,19.3000,0.0000
2024-09-07,19.7350,0.0000
2024-09-08,18.2950,0.0000
2024-09-09,16.7950,1.2050
2024-09-10,16.0450,1.9550
2024-09-11,13.7000,4.3000
2024-09-12,11.1250,6.8750
2024-09-13,11.5400,6.4600
2024-09-14,12.3300,5.6700
2024-09-15,13.0800,4.9200
2024-09-16,14.8650,3.1350
2024-09-17,15.9100,2.0900
2024-09-18,17.9150,0.0850
2024-09-19,18.3750,0.0000
2024-09-20,17.3400,0.6600
2024-09-21,17.5150,0.4850
2024-09-22,17.4800,0.5200
2024-09-23,16.2700,1.7300
2024-09-24,15.1050,2.8950
2024-09-25,14.7500,3.2500
2024-09-26,15.5400,2.4600
2024-09-27,13.5300,4.4700
2024-09-28,11.3700,6.6300
2024-09-29,10.4050,7.5950
2024-09-30,13.1100,4.8900
2024-10-01,13.7400,4.2600
2024-10-02,12.7500,5.2500
2024-10-03,11.4300,6.5700
2024-10-04,10.5950,7.4050
2024-10-05,10.6050,7.3950
2024-10-06,11.7050,6.2950
2024-10-07,14.4950,3.5050
2024-10-08,14.9450,3.0550
2024-10-09,14.0650,3.9350
2024-10-10,12.9900,5.0100
2024-10-11,9.6500,8.3500
2024-10-12,10.3150,7.6850
2024-10-13,10.9200,7.0800
2024-10-14,10.4850,7.5150
2024-10-15,12.1150,5.8850
2024-10-16,15.8700,2.1300
2024-10-17,15.3850,2.6150
2024-10-18,13.6700,4.3300
2024-10-19,14.2450,3.7550
2024-10-20,14.0550,3.9450
2024-10-21,15.1900,2.8100
2024-10-22,12.9500,5.0500
2024-10-23,10.7400,7.2600
2024-10-24,11.5150,6.4850
2024-10-25,13.4150,4.5850
2024-10-26,12.8600,5.1400
2024-10-27,12.3850,5.6150
2024-10-28,12.6050,5.3950
2024-10-29,12.4300,5.5700
2024-10-30,11.5100,6.4900
2024-10-31,11.0600,6.9400
2024-11-01,10.5150,7.4850
2024-11-02,11.1600,6.8400
2024-11-03,9.4200,8.5800
2024-11-04,8.0650,9.9350
2024-11-05,7.6050,10.3950
2024-11-06,7.9950,10.0050
2024-11-07,7.6900,10.3100
2024-11-08,7.1400,10.8600
2024-11-09,7.5550,10.4450
2024-11-10,7.0900,10.9100
2024-11-11,7.5450,10.4550
2024-11-12,7.7850,10.2150
2024-11-13,7.1550,10.8450
2024-11-14,7.9850,10.0150
2024-11-15,7.7600,10.2400
2024-11-16,6.5600,11.4400
2024-11-17,6.5800,11.4200
2024-11-18,6.5650,11.4350
2024-11-19,7.2750,10.7250
2024-11-20,3.4100,14.5900
2024-11-21,1.3550,16.6450
2024-11-22,1.7150,16.2850
2024-11-23,4.5150,13.4850
2024-11-24,12.5200,5.4800
2024-11-25,11.5900,6.4100
2024-11-26,8.0500,9.9500
2024-11-27,7.8750,10.1250
2024-11-28,6.1100,11.8900
2024-11-29,4.5600,13.4400
